"n","rho","method","variable","selection_rate","true_positive_rate","type_II_error","false_positive_rate","type_I_error","mean_beta_hat_uncond","bias_uncond","mean_beta_hat_selected","bias_selected","coverage_selected","coverage_uncond"
250,0,"AIC","X1",0.8819,0.8819,0.1181,NA,NA,0.16102953852318,-0.00563712814348637,0.182593875182198,0.0159272085155312,0.963601315341876,0.8498
250,0,"AIC","X10",0.1785,NA,NA,0.1785,0.0563,0.000161521667405596,0.000161521667405596,0.000904883290787651,0.000904883290787651,0.684593837535014,0.1222
250,0,"AIC","X11",0.1695,NA,NA,0.1695,0.0518,-0.000169500498692274,-0.000169500498692274,-0.00100000294213731,-0.00100000294213731,0.694395280235988,0.1177
250,0,"AIC","X12",0.1728,NA,NA,0.1728,0.056,-0.000728463954436536,-0.000728463954436536,-0.0042156478844707,-0.0042156478844707,0.675925925925926,0.1168
250,0,"AIC","X13",0.1682,NA,NA,0.1682,0.05,0.000363940289574207,0.000363940289574207,0.00216373537202264,0.00216373537202264,0.702734839476813,0.1182
250,0,"AIC","X14",0.1748,NA,NA,0.1748,0.0539,-1.72962894750058e-05,-1.72962894750058e-05,-9.8949024456555e-05,-9.8949024456555e-05,0.691647597254005,0.1209
250,0,"AIC","X15",0.1757,NA,NA,0.1757,0.0595,0.0003740310921629,0.0003740310921629,0.00212880530542345,0.00212880530542345,0.661354581673307,0.1162
250,0,"AIC","X16",0.1805,NA,NA,0.1805,0.0606,-0.000971452862576188,-0.000971452862576188,-0.00538201031898165,-0.00538201031898165,0.664265927977839,0.1199
250,0,"AIC","X17",0.1752,NA,NA,0.1752,0.057,-2.61552643390195e-05,-2.61552643390195e-05,-0.000149288038464723,-0.000149288038464723,0.674657534246575,0.1182
250,0,"AIC","X18",0.1759,NA,NA,0.1759,0.0573,0.00141739349724445,0.00141739349724445,0.00805795052441416,0.00805795052441416,0.674246731097214,0.1186
250,0,"AIC","X19",0.1736,NA,NA,0.1736,0.0563,0.000575334760937154,0.000575334760937154,0.003314140327979,0.003314140327979,0.675691244239631,0.1173
250,0,"AIC","X2",1,1,0,NA,NA,0.332817836353273,-0.00051549698005984,0.332817836353273,-0.00051549698005984,0.937,0.937
250,0,"AIC","X20",0.1707,NA,NA,0.1707,0.0578,0.000506208593340197,0.000506208593340197,0.00296548677996601,0.00296548677996601,0.661394258933802,0.1129
250,0,"AIC","X3",1,1,0,NA,NA,0.499397914332076,-0.000602085667923858,0.499397914332076,-0.000602085667923858,0.9414,0.9414
250,0,"AIC","X4",1,1,0,NA,NA,0.667865030996808,0.00119836433014174,0.667865030996808,0.00119836433014174,0.9404,0.9404
250,0,"AIC","X5",1,1,0,NA,NA,0.834481214935176,0.00114788160184288,0.834481214935176,0.00114788160184288,0.9433,0.9433
250,0,"AIC","X6",0.1792,NA,NA,0.1792,0.0591,0.000108485391856026,0.000108485391856026,0.000605387231339433,0.000605387231339433,0.670200892857143,0.1201
250,0,"AIC","X7",0.1736,NA,NA,0.1736,0.0548,0.00025188205856401,0.00025188205856401,0.00145093351707379,0.00145093351707379,0.684331797235023,0.1188
250,0,"AIC","X8",0.1742,NA,NA,0.1742,0.0554,-0.000749489130208629,-0.000749489130208629,-0.00430246343403346,-0.00430246343403346,0.681974741676234,0.1188
250,0,"AIC","X9",0.1828,NA,NA,0.1828,0.0563,3.09614040869354e-05,3.09614040869354e-05,0.000169373107696583,0.000169373107696583,0.692013129102845,0.1265
250,0,"BIC","X1",0.6135,0.6135,0.3865,NA,NA,0.12756743160012,-0.0390992350665466,0.207933873838826,0.0412672071721598,0.950937245313773,0.5834
250,0,"BIC","X10",0.0216,NA,NA,0.0216,0.0216,-0.000134341476972157,-0.000134341476972157,-0.00621951282278506,-0.00621951282278506,0,0
250,0,"BIC","X11",0.0205,NA,NA,0.0205,0.0205,4.63152421393627e-05,4.63152421393627e-05,0.00225928010435916,0.00225928010435916,0,0
250,0,"BIC","X12",0.0221,NA,NA,0.0221,0.0221,-0.000217584961689094,-0.000217584961689094,-0.00984547337959702,-0.00984547337959702,0,0
250,0,"BIC","X13",0.0187,NA,NA,0.0187,0.0187,-0.000325126820236081,-0.000325126820236081,-0.0173864609751915,-0.0173864609751915,0,0
250,0,"BIC","X14",0.0213,NA,NA,0.0213,0.0213,-9.26283816865607e-06,-9.26283816865607e-06,-0.000434875031392304,-0.000434875031392304,0,0
250,0,"BIC","X15",0.022,NA,NA,0.022,0.022,0.000281576630318618,0.000281576630318618,0.0127989377417553,0.0127989377417553,0,0
250,0,"BIC","X16",0.0236,NA,NA,0.0236,0.0236,-0.000582669304629037,-0.000582669304629037,-0.0246893773147897,-0.0246893773147897,0,0
250,0,"BIC","X17",0.0207,NA,NA,0.0207,0.0207,-0.000340789352413545,-0.000340789352413545,-0.0164632537397848,-0.0164632537397848,0,0
250,0,"BIC","X18",0.0199,NA,NA,0.0199,0.0199,0.000346627012965341,0.000346627012965341,0.01741844286258,0.01741844286258,0,0
250,0,"BIC","X19",0.0218,NA,NA,0.0218,0.0218,7.70338674607764e-05,7.70338674607764e-05,0.00353366364498974,0.00353366364498974,0,0
250,0,"BIC","X2",0.9966,0.9966,0.00339999999999996,NA,NA,0.332533062077068,-0.000800271256265696,0.333667531684796,0.00033419835146261,0.945815773630343,0.9426
250,0,"BIC","X20",0.0243,NA,NA,0.0243,0.0243,-0.000238902216591035,-0.000238902216591035,-0.00983136693790268,-0.00983136693790268,0,0
250,0,"BIC","X3",1,1,0,NA,NA,0.499527171370236,-0.000472828629764112,0.499527171370236,-0.000472828629764112,0.9458,0.9458
250,0,"BIC","X4",1,1,0,NA,NA,0.667931400365397,0.00126473369873073,0.667931400365397,0.00126473369873073,0.946,0.946
250,0,"BIC","X5",1,1,0,NA,NA,0.834323335634973,0.00099000230163916,0.834323335634973,0.00099000230163916,0.9464,0.9464
250,0,"BIC","X6",0.0222,NA,NA,0.0222,0.0222,-0.000190590502120659,-0.000190590502120659,-0.00858515775318284,-0.00858515775318284,0,0
250,0,"BIC","X7",0.0199,NA,NA,0.0199,0.0199,0.000354182123667248,0.000354182123667248,0.0177980966666959,0.0177980966666959,0,0
250,0,"BIC","X8",0.0228,NA,NA,0.0228,0.0228,-0.000184405331283902,-0.000184405331283902,-0.00808795312648694,-0.00808795312648694,0,0
250,0,"BIC","X9",0.0216,NA,NA,0.0216,0.0216,-9.48091005454098e-05,-9.48091005454098e-05,-0.00438931021043564,-0.00438931021043564,0,0
250,0,"Backward p-value","X1",0.9332,0.9332,0.0668,NA,NA,0.165235958916323,-0.00143070775034338,0.177063822242095,0.0103971555754286,0.965387912558937,0.9009
250,0,"Backward p-value","X10",0.3113,NA,NA,0.3113,0.0574,0.000236678862551751,0.000236678862551751,0.000760291880988598,0.000760291880988598,0.815611949887568,0.2539
250,0,"Backward p-value","X11",0.3034,NA,NA,0.3034,0.0544,-0.000332279791296359,-0.000332279791296359,-0.00109518718291483,-0.00109518718291483,0.820698747528016,0.249
250,0,"Backward p-value","X12",0.313,NA,NA,0.313,0.0563,-0.00059174934496833,-0.00059174934496833,-0.00189057298711926,-0.00189057298711926,0.820127795527157,0.2567
250,0,"Backward p-value","X13",0.3049,NA,NA,0.3049,0.0511,0.000369355033340185,0.000369355033340185,0.00121139728875102,0.00121139728875102,0.832404066907183,0.2538
250,0,"Backward p-value","X14",0.3097,NA,NA,0.3097,0.0549,-0.000159912735151755,-0.000159912735151755,-0.000516347223609155,-0.000516347223609155,0.822731675815305,0.2548
250,0,"Backward p-value","X15",0.3066,NA,NA,0.3066,0.0601,0.000690299508007888,0.000690299508007888,0.00225146610570087,0.00225146610570087,0.803979125896934,0.2465
250,0,"Backward p-value","X16",0.3129,NA,NA,0.3129,0.0606,-0.000696531625971439,-0.000696531625971439,-0.00222605185673199,-0.00222605185673199,0.806327900287632,0.2523
250,0,"Backward p-value","X17",0.3125,NA,NA,0.3125,0.0579,-0.000222588475172536,-0.000222588475172536,-0.000712283120552115,-0.000712283120552115,0.81472,0.2546
250,0,"Backward p-value","X18",0.3065,NA,NA,0.3065,0.0585,0.00134083673087523,0.00134083673087523,0.0043746712263466,0.0043746712263466,0.809135399673736,0.248
250,0,"Backward p-value","X19",0.3086,NA,NA,0.3086,0.0579,0.000736656287129466,0.000736656287129466,0.00238709101467747,0.00238709101467747,0.812378483473752,0.2507
250,0,"Backward p-value","X2",1,1,0,NA,NA,0.332738788643203,-0.000594544690129961,0.332738788643203,-0.000594544690129961,0.9364,0.9364
250,0,"Backward p-value","X20",0.3104,NA,NA,0.3104,0.0563,0.000226360631201894,0.000226360631201894,0.000729254610830845,0.000729254610830845,0.818621134020619,0.2541
250,0,"Backward p-value","X3",1,1,0,NA,NA,0.49931709315313,-0.000682906846869995,0.49931709315313,-0.000682906846869995,0.9388,0.9388
250,0,"Backward p-value","X4",1,1,0,NA,NA,0.667937916662316,0.00127124999564937,0.667937916662316,0.00127124999564937,0.941,0.941
250,0,"Backward p-value","X5",1,1,0,NA,NA,0.834505788301026,0.00117245496769237,0.834505788301026,0.00117245496769237,0.9436,0.9436
250,0,"Backward p-value","X6",0.312,NA,NA,0.312,0.061,7.02591015517353e-05,7.02591015517353e-05,0.000225189428050434,0.000225189428050434,0.80448717948718,0.251
250,0,"Backward p-value","X7",0.309,NA,NA,0.309,0.0557,0.000376659163854437,0.000376659163854437,0.0012189616953218,0.0012189616953218,0.819741100323625,0.2533
250,0,"Backward p-value","X8",0.3099,NA,NA,0.3099,0.0568,-0.000499656295378864,-0.000499656295378864,-0.00161231460270689,-0.00161231460270689,0.816715069377218,0.2531
250,0,"Backward p-value","X9",0.3181,NA,NA,0.3181,0.0562,-0.000558417153920215,-0.000558417153920215,-0.00175547674919904,-0.00175547674919904,0.823325998113801,0.2619
250,0,"Elastic Net lambda.1se","X1",0.7177,0.7177,0.2823,NA,NA,0.139505573779405,-0.0271610928872616,0.194378673233113,0.0277120065664462,0.958617806883099,0.688
250,0,"Elastic Net lambda.1se","X10",0.0784,NA,NA,0.0784,0.0407,5.09359988076907e-05,5.09359988076907e-05,0.000649693862342993,0.000649693862342993,0.480867346938776,0.0377
250,0,"Elastic Net lambda.1se","X11",0.0718,NA,NA,0.0718,0.0374,-0.000302263688179143,-0.000302263688179143,-0.0042098006710187,-0.0042098006710187,0.479108635097493,0.0344
250,0,"Elastic Net lambda.1se","X12",0.0767,NA,NA,0.0767,0.041,-3.10821775764251e-05,-3.10821775764251e-05,-0.000405243514686116,-0.000405243514686116,0.465449804432855,0.0357
250,0,"Elastic Net lambda.1se","X13",0.0768,NA,NA,0.0768,0.0374,-0.000201461071739602,-0.000201461071739602,-0.00262319103827607,-0.00262319103827607,0.513020833333333,0.0394
250,0,"Elastic Net lambda.1se","X14",0.0759,NA,NA,0.0759,0.0393,-0.000164497245844054,-0.000164497245844054,-0.00216728914155539,-0.00216728914155539,0.482213438735178,0.0366
250,0,"Elastic Net lambda.1se","X15",0.0761,NA,NA,0.0761,0.0429,-1.33023891726472e-05,-1.33023891726472e-05,-0.000174801434594575,-0.000174801434594575,0.436268068331143,0.0332
250,0,"Elastic Net lambda.1se","X16",0.0849,NA,NA,0.0849,0.0455,-0.000451407632519906,-0.000451407632519906,-0.00531693324522858,-0.00531693324522858,0.464075382803298,0.0394
250,0,"Elastic Net lambda.1se","X17",0.0772,NA,NA,0.0772,0.0402,0.00023649480674553,0.00023649480674553,0.00306340423245505,0.00306340423245505,0.479274611398964,0.037
250,0,"Elastic Net lambda.1se","X18",0.0752,NA,NA,0.0752,0.0399,0.000744033213929992,0.000744033213929992,0.00989405869587756,0.00989405869587756,0.469414893617021,0.0353
250,0,"Elastic Net lambda.1se","X19",0.0762,NA,NA,0.0762,0.0404,0.000230442525989031,0.000230442525989031,0.00302418013108964,0.00302418013108964,0.469816272965879,0.0358
250,0,"Elastic Net lambda.1se","X2",0.9975,0.9975,0.00249999999999995,NA,NA,0.330313859433804,-0.00301947389952905,0.3311417137181,-0.00219161961523381,0.942355889724311,0.94
250,0,"Elastic Net lambda.1se","X20",0.0769,NA,NA,0.0769,0.0426,0.00012914780896842,0.00012914780896842,0.00167942534419272,0.00167942534419272,0.446033810143043,0.0343
250,0,"Elastic Net lambda.1se","X3",1,1,0,NA,NA,0.496982411113037,-0.0030175888869626,0.496982411113037,-0.0030175888869626,0.9427,0.9427
250,0,"Elastic Net lambda.1se","X4",1,1,0,NA,NA,0.665270045672683,-0.00139662099398395,0.665270045672683,-0.00139662099398395,0.9438,0.9438
250,0,"Elastic Net lambda.1se","X5",1,1,0,NA,NA,0.83154662545174,-0.0017867078815933,0.83154662545174,-0.0017867078815933,0.9443,0.9443
250,0,"Elastic Net lambda.1se","X6",0.0818,NA,NA,0.0818,0.0426,-0.000189309182644107,-0.000189309182644107,-0.00231429318635828,-0.00231429318635828,0.47921760391198,0.0392
250,0,"Elastic Net lambda.1se","X7",0.0781,NA,NA,0.0781,0.0386,0.000738366104717681,0.000738366104717681,0.00945411145605226,0.00945411145605226,0.505761843790013,0.0395
250,0,"Elastic Net lambda.1se","X8",0.0731,NA,NA,0.0731,0.0382,-1.26020413014244e-05,-1.26020413014244e-05,-0.000172394545847118,-0.000172394545847118,0.477428180574555,0.0349
250,0,"Elastic Net lambda.1se","X9",0.0792,NA,NA,0.0792,0.0411,-0.000302084945371041,-0.000302084945371041,-0.00381420385569497,-0.00381420385569497,0.481060606060606,0.0381
250,0,"Elastic Net lambda.min","X1",0.9604,0.9604,0.0396,NA,NA,0.165367558516658,-0.00129910815000821,0.172186129234338,0.00551946256767158,0.962203248646397,0.9241
250,0,"Elastic Net lambda.min","X10",0.4998,NA,NA,0.4998,0.0533,9.75854489687332e-05,9.75854489687332e-05,0.000195248997536481,0.000195248997536481,0.893357342937175,0.4465
250,0,"Elastic Net lambda.min","X11",0.489,NA,NA,0.489,0.0503,-0.000413829852967958,-0.000413829852967958,-0.000846277817930385,-0.000846277817930385,0.897137014314928,0.4387
250,0,"Elastic Net lambda.min","X12",0.4906,NA,NA,0.4906,0.0543,-0.000321962473971794,-0.000321962473971794,-0.000656262686448826,-0.000656262686448826,0.889319200978394,0.4363
250,0,"Elastic Net lambda.min","X13",0.4861,NA,NA,0.4861,0.0475,0.000343967072183915,0.000343967072183915,0.000707605579477298,0.000707605579477298,0.902283480765275,0.4386
250,0,"Elastic Net lambda.min","X14",0.4877,NA,NA,0.4877,0.0505,-0.000130605746076601,-0.000130605746076601,-0.000267799356318641,-0.000267799356318641,0.896452737338528,0.4372
250,0,"Elastic Net lambda.min","X15",0.4852,NA,NA,0.4852,0.0557,0.000581944099427926,0.000581944099427926,0.00119939014721337,0.00119939014721337,0.88520197856554,0.4295
250,0,"Elastic Net lambda.min","X16",0.4994,NA,NA,0.4994,0.0573,-0.000563661906197177,-0.000563661906197177,-0.00112867822626587,-0.00112867822626587,0.885262314777733,0.4421
250,0,"Elastic Net lambda.min","X17",0.4945,NA,NA,0.4945,0.0537,-0.000588085763854775,-0.000588085763854775,-0.00118925331416537,-0.00118925331416537,0.891405460060667,0.4408
250,0,"Elastic Net lambda.min","X18",0.4914,NA,NA,0.4914,0.0547,0.00154855030842278,0.00154855030842278,0.00315130302894339,0.00315130302894339,0.888685388685389,0.4367
250,0,"Elastic Net lambda.min","X19",0.4872,NA,NA,0.4872,0.0541,0.00094074388038754,0.00094074388038754,0.00193091929471991,0.00193091929471991,0.888957307060755,0.4331
250,0,"Elastic Net lambda.min","X2",1,1,0,NA,NA,0.331283322732112,-0.00205001060122111,0.331283322732112,-0.00205001060122111,0.9393,0.9393
250,0,"Elastic Net lambda.min","X20",0.4879,NA,NA,0.4879,0.0544,0.000544294065849714,0.000544294065849714,0.00111558529585922,0.00111558529585922,0.888501742160279,0.4335
250,0,"Elastic Net lambda.min","X3",1,1,0,NA,NA,0.497744736496283,-0.00225526350371707,0.497744736496283,-0.00225526350371707,0.9426,0.9426
250,0,"Elastic Net lambda.min","X4",1,1,0,NA,NA,0.666084646409245,-0.000582020257421611,0.666084646409245,-0.000582020257421611,0.9452,0.9452
250,0,"Elastic Net lambda.min","X5",1,1,0,NA,NA,0.832557324256801,-0.000776009076532796,0.832557324256801,-0.000776009076532796,0.9447,0.9447
250,0,"Elastic Net lambda.min","X6",0.4959,NA,NA,0.4959,0.0576,-7.18665818725704e-05,-7.18665818725704e-05,-0.00014492152021087,-0.00014492152021087,0.883847549909256,0.4383
250,0,"Elastic Net lambda.min","X7",0.4856,NA,NA,0.4856,0.0522,0.000129121162013285,0.000129121162013285,0.000265900251262942,0.000265900251262942,0.892504118616145,0.4334
250,0,"Elastic Net lambda.min","X8",0.4903,NA,NA,0.4903,0.0526,-0.000389921497529279,-0.000389921497529279,-0.000795271257453149,-0.000795271257453149,0.892718743626351,0.4377
250,0,"Elastic Net lambda.min","X9",0.4983,NA,NA,0.4983,0.0517,-0.000584444768626004,-0.000584444768626004,-0.00117287732014049,-0.00117287732014049,0.896247240618102,0.4466
250,0,"LASSO lambda.1se","X1",0.5937,0.5937,0.4063,NA,NA,0.1220173194608,-0.0446493472058662,0.205520160789625,0.0388534941229585,0.949806299477851,0.5639
250,0,"LASSO lambda.1se","X10",0.0399,NA,NA,0.0399,0.029,1.58921518094737e-05,1.58921518094737e-05,0.000398299544097085,0.000398299544097085,0.273182957393484,0.0109
250,0,"LASSO lambda.1se","X11",0.0353,NA,NA,0.0353,0.0262,-0.000105738829274819,-0.000105738829274819,-0.00299543425707703,-0.00299543425707703,0.257790368271955,0.0091
250,0,"LASSO lambda.1se","X12",0.0371,NA,NA,0.0371,0.028,-0.000136985869641681,-0.000136985869641681,-0.00369234149977577,-0.00369234149977577,0.245283018867925,0.0091
250,0,"LASSO lambda.1se","X13",0.0373,NA,NA,0.0373,0.0258,-9.68194487367246e-05,-9.68194487367246e-05,-0.00259569567658779,-0.00259569567658779,0.308310991957105,0.0115
250,0,"LASSO lambda.1se","X14",0.0396,NA,NA,0.0396,0.0278,0.000294201391083313,0.000294201391083313,0.00742932805765941,0.00742932805765941,0.297979797979798,0.0118
250,0,"LASSO lambda.1se","X15",0.0379,NA,NA,0.0379,0.0291,0.00016280360130348,0.00016280360130348,0.00429560953307335,0.00429560953307335,0.232189973614776,0.0088
250,0,"LASSO lambda.1se","X16",0.0437,NA,NA,0.0437,0.032,-0.000312047197170047,-0.000312047197170047,-0.00714066812746103,-0.00714066812746103,0.267734553775744,0.0117
250,0,"LASSO lambda.1se","X17",0.0372,NA,NA,0.0372,0.0277,5.67649637733032e-05,5.67649637733032e-05,0.00152593988637912,0.00152593988637912,0.255376344086022,0.0095
250,0,"LASSO lambda.1se","X18",0.0369,NA,NA,0.0369,0.0265,0.000436532432100435,0.000436532432100435,0.0118301472113939,0.0118301472113939,0.281842818428184,0.0104
250,0,"LASSO lambda.1se","X19",0.0401,NA,NA,0.0401,0.0282,0.000227178840816548,0.000227178840816548,0.00566530775103612,0.00566530775103612,0.296758104738155,0.0119
250,0,"LASSO lambda.1se","X2",0.9923,0.9923,0.00770000000000004,NA,NA,0.329905207314586,-0.00342812601874748,0.33246518927198,-0.000868144061353238,0.949007356646176,0.9417
250,0,"LASSO lambda.1se","X20",0.0381,NA,NA,0.0381,0.0292,0.000210469687712593,0.000210469687712593,0.00552413878510742,0.00552413878510742,0.233595800524934,0.0089
250,0,"LASSO lambda.1se","X3",1,1,0,NA,NA,0.49779543940018,-0.00220456059982052,0.49779543940018,-0.00220456059982052,0.9448,0.9448
250,0,"LASSO lambda.1se","X4",1,1,0,NA,NA,0.666210021082467,-0.000456645584199183,0.666210021082467,-0.000456645584199183,0.9461,0.9461
250,0,"LASSO lambda.1se","X5",1,1,0,NA,NA,0.832745434821079,-0.000587898512254596,0.832745434821079,-0.000587898512254596,0.9454,0.9454
250,0,"LASSO lambda.1se","X6",0.0397,NA,NA,0.0397,0.0298,4.94555676894917e-05,4.94555676894917e-05,0.0012457321836144,0.0012457321836144,0.249370277078086,0.0099
250,0,"LASSO lambda.1se","X7",0.0378,NA,NA,0.0378,0.0272,0.000205014672546244,0.000205014672546244,0.00542366858587946,0.00542366858587946,0.28042328042328,0.0106
250,0,"LASSO lambda.1se","X8",0.0382,NA,NA,0.0382,0.0275,1.04713064257283e-05,1.04713064257283e-05,0.000274117969259903,0.000274117969259903,0.280104712041885,0.0107
250,0,"LASSO lambda.1se","X9",0.0385,NA,NA,0.0385,0.0282,-0.000308283848316451,-0.000308283848316451,-0.00800737268354417,-0.00800737268354417,0.267532467532468,0.0103
250,0,"LASSO lambda.min","X1",0.942,0.942,0.0580000000000001,NA,NA,0.163996557184078,-0.0026701094825886,0.174094009749552,0.00742734308288542,0.96380042462845,0.9079
250,0,"LASSO lambda.min","X10",0.4063,NA,NA,0.4063,0.0537,-2.945319651292e-05,-2.945319651292e-05,-7.2491254031307e-05,-7.2491254031307e-05,0.867831651489048,0.3526
250,0,"LASSO lambda.min","X11",0.3927,NA,NA,0.3927,0.0504,-0.000364609864843613,-0.000364609864843613,-0.000928469225473931,-0.000928469225473931,0.871657754010695,0.3423
250,0,"LASSO lambda.min","X12",0.3939,NA,NA,0.3939,0.0539,-0.000382778521738181,-0.000382778521738181,-0.000971765731754712,-0.000971765731754712,0.863163239400863,0.34
250,0,"LASSO lambda.min","X13",0.3889,NA,NA,0.3889,0.0475,0.000568087494563867,0.000568087494563867,0.00146075467874484,0.00146075467874484,0.877860632553356,0.3414
250,0,"LASSO lambda.min","X14",0.3961,NA,NA,0.3961,0.0513,-0.000296863045938519,-0.000296863045938519,-0.000749464897597876,-0.000749464897597876,0.870487250694269,0.3448
250,0,"LASSO lambda.min","X15",0.3927,NA,NA,0.3927,0.0558,0.000583589407176986,0.000583589407176986,0.00148609474707661,0.00148609474707661,0.85790679908327,0.3369
250,0,"LASSO lambda.min","X16",0.4023,NA,NA,0.4023,0.0568,-0.000432728707316929,-0.000432728707316929,-0.0010756368563682,-0.0010756368563682,0.858811831966194,0.3455
250,0,"LASSO lambda.min","X17",0.3947,NA,NA,0.3947,0.0537,-0.000361965320536556,-0.000361965320536556,-0.000917064404703714,-0.000917064404703714,0.863947301748163,0.341
250,0,"LASSO lambda.min","X18",0.3946,NA,NA,0.3946,0.0532,0.00145191775113409,0.00145191775113409,0.00367946718483043,0.00367946718483043,0.865179929042068,0.3414
250,0,"LASSO lambda.min","X19",0.3944,NA,NA,0.3944,0.0544,0.000860582815279106,0.000860582815279106,0.00218200510973404,0.00218200510973404,0.862068965517241,0.34
250,0,"LASSO lambda.min","X2",1,1,0,NA,NA,0.331116613553164,-0.00221671978016886,0.331116613553164,-0.00221671978016886,0.938,0.938
250,0,"LASSO lambda.min","X20",0.393,NA,NA,0.393,0.0546,7.71657258229951e-05,7.71657258229951e-05,0.000196350447386756,0.000196350447386756,0.861068702290076,0.3384
250,0,"LASSO lambda.min","X3",1,1,0,NA,NA,0.497746090399613,-0.00225390960038725,0.497746090399613,-0.00225390960038725,0.9416,0.9416
250,0,"LASSO lambda.min","X4",1,1,0,NA,NA,0.666265340604003,-0.000401326062663344,0.666265340604003,-0.000401326062663344,0.9427,0.9427
250,0,"LASSO lambda.min","X5",1,1,0,NA,NA,0.832830330168442,-0.00050300316489171,0.832830330168442,-0.00050300316489171,0.9441,0.9441
250,0,"LASSO lambda.min","X6",0.4007,NA,NA,0.4007,0.0567,-4.50997302786485e-05,-4.50997302786485e-05,-0.000112552359068252,-0.000112552359068252,0.858497629148989,0.344
250,0,"LASSO lambda.min","X7",0.3934,NA,NA,0.3934,0.0524,0.000330913237978406,0.000330913237978406,0.000841162272441296,0.000841162272441296,0.866802236908998,0.341
250,0,"LASSO lambda.min","X8",0.391,NA,NA,0.391,0.0531,-0.00044283044873876,-0.00044283044873876,-0.0011325586924265,-0.0011325586924265,0.864194373401534,0.3379
250,0,"LASSO lambda.min","X9",0.4076,NA,NA,0.4076,0.053,-0.000660417952290113,-0.000660417952290113,-0.0016202599418305,-0.0016202599418305,0.869970559371933,0.3546
250,0.35,"AIC","X1",0.7841,0.7841,0.2159,NA,NA,0.154192061500552,-0.0124746051661149,0.196648465119949,0.0299817984532821,0.95944394847596,0.7523
250,0.35,"AIC","X10",0.1796,NA,NA,0.1796,0.0613,0.000384636648629958,0.000384636648629958,0.00214162944671469,0.00214162944671469,0.658685968819599,0.1183
250,0.35,"AIC","X11",0.1737,NA,NA,0.1737,0.0604,-0.000188347941409837,-0.000188347941409837,-0.00108432896609002,-0.00108432896609002,0.652274035693725,0.1133
250,0.35,"AIC","X12",0.1769,NA,NA,0.1769,0.0632,0.00075906509950126,0.00075906509950126,0.00429092763991668,0.00429092763991668,0.642736009044658,0.1137
250,0.35,"AIC","X13",0.1862,NA,NA,0.1862,0.0601,0.000718337641232696,0.000718337641232696,0.00385788206891888,0.00385788206891888,0.677228786251343,0.1261
250,0.35,"AIC","X14",0.1779,NA,NA,0.1779,0.0626,3.04918380889085e-05,3.04918380889085e-05,0.000171398752607692,0.000171398752607692,0.648116919617763,0.1153
250,0.35,"AIC","X15",0.1837,NA,NA,0.1837,0.0642,0.000456394845030502,0.000456394845030502,0.00248445751241427,0.00248445751241427,0.650517147523135,0.1195
250,0.35,"AIC","X16",0.1836,NA,NA,0.1836,0.0672,0.000271259870808291,0.000271259870808291,0.00147745027673361,0.00147745027673361,0.633986928104575,0.1164
250,0.35,"AIC","X17",0.1766,NA,NA,0.1766,0.0623,0.000876249874899562,0.000876249874899562,0.00496177732106207,0.00496177732106207,0.64722536806342,0.1143
250,0.35,"AIC","X18",0.1802,NA,NA,0.1802,0.0623,0.00092373462282286,0.00092373462282286,0.00512616327870622,0.00512616327870622,0.654273029966704,0.1179
250,0.35,"AIC","X19",0.177,NA,NA,0.177,0.0619,0.000526019089552065,0.000526019089552065,0.00297185926300602,0.00297185926300602,0.650282485875706,0.1151
250,0.35,"AIC","X2",0.9978,0.9978,0.00219999999999998,NA,NA,0.332806760553327,-0.00052657278000632,0.333540549762805,0.000207216429471851,0.938564842653838,0.9365
250,0.35,"AIC","X20",0.1827,NA,NA,0.1827,0.0629,0.000525962372432093,0.000525962372432093,0.00287883071938748,0.00287883071938748,0.655719759168035,0.1198
250,0.35,"AIC","X3",1,1,0,NA,NA,0.500834254874013,0.000834254874013312,0.500834254874013,0.000834254874013312,0.9388,0.9388
250,0.35,"AIC","X4",1,1,0,NA,NA,0.667495250827065,0.000828584160397834,0.667495250827065,0.000828584160397834,0.9362,0.9362
250,0.35,"AIC","X5",1,1,0,NA,NA,0.835934318158495,0.0026009848251617,0.835934318158495,0.0026009848251617,0.9403,0.9403
250,0.35,"AIC","X6",0.1836,NA,NA,0.1836,0.0646,-0.000403595149959487,-0.000403595149959487,-0.00219823066426736,-0.00219823066426736,0.648148148148148,0.119
250,0.35,"AIC","X7",0.18,NA,NA,0.18,0.0627,0.00101642414707378,0.00101642414707378,0.00564680081707656,0.00564680081707656,0.651666666666667,0.1173
250,0.35,"AIC","X8",0.1769,NA,NA,0.1769,0.0631,0.00130483537267767,0.00130483537267767,0.00737611855668551,0.00737611855668551,0.643301300169587,0.1138
250,0.35,"AIC","X9",0.1801,NA,NA,0.1801,0.058,-0.000442731213237876,-0.000442731213237876,-0.00245825215567949,-0.00245825215567949,0.677956690727374,0.1221
250,0.35,"BIC","X1",0.4687,0.4687,0.5313,NA,NA,0.10820035542317,-0.0584663112434962,0.230852049121337,0.06418538245467,0.935993172605078,0.4387
250,0.35,"BIC","X10",0.0242,NA,NA,0.0242,0.0242,0.000970804857740837,0.000970804857740837,0.0401159032124313,0.0401159032124313,0,0
250,0.35,"BIC","X11",0.0232,NA,NA,0.0232,0.0232,0.000998170218732853,0.000998170218732853,0.0430245783936575,0.0430245783936575,0,0
250,0.35,"BIC","X12",0.025,NA,NA,0.025,0.025,0.00138596160199187,0.00138596160199187,0.0554384640796749,0.0554384640796749,0,0
250,0.35,"BIC","X13",0.0249,NA,NA,0.0249,0.0249,0.00112603638655027,0.00112603638655027,0.0452223448413762,0.0452223448413762,0,0
250,0.35,"BIC","X14",0.0244,NA,NA,0.0244,0.0244,0.00129195377441426,0.00129195377441426,0.0529489251809122,0.0529489251809122,0,0
250,0.35,"BIC","X15",0.0243,NA,NA,0.0243,0.0243,0.000855432169724503,0.000855432169724503,0.0352029699475104,0.0352029699475104,0,0
250,0.35,"BIC","X16",0.0269,NA,NA,0.0269,0.0269,0.000850194633377258,0.000850194633377258,0.0316057484526862,0.0316057484526862,0,0
250,0.35,"BIC","X17",0.025,NA,NA,0.025,0.025,0.00112340765215001,0.00112340765215001,0.0449363060860003,0.0449363060860003,0,0
250,0.35,"BIC","X18",0.0243,NA,NA,0.0243,0.0243,0.000912230191422864,0.000912230191422864,0.0375403370955911,0.0375403370955911,0,0
250,0.35,"BIC","X19",0.0242,NA,NA,0.0242,0.0242,0.000884052653208881,0.000884052653208881,0.0365311013722678,0.0365311013722678,0,0
250,0.35,"BIC","X2",0.9827,0.9827,0.0173,NA,NA,0.337025111235608,0.0036917779022751,0.342958289646493,0.00962495631315942,0.951256741630202,0.9348
250,0.35,"BIC","X20",0.0238,NA,NA,0.0238,0.0238,0.000310357775980239,0.000310357775980239,0.0130402426882453,0.0130402426882453,0,0
250,0.35,"BIC","X3",0.9999,0.9999,9.9999999999989e-05,NA,NA,0.507845006094533,0.00784500609453302,0.5078957956741,0.00789579567410043,0.936493649364937,0.9364
250,0.35,"BIC","X4",1,1,0,NA,NA,0.674668693161459,0.00800202649479211,0.674668693161459,0.00800202649479211,0.9383,0.9383
250,0.35,"BIC","X5",1,1,0,NA,NA,0.843004224785309,0.00967089145197604,0.843004224785309,0.00967089145197604,0.9368,0.9368
250,0.35,"BIC","X6",0.0267,NA,NA,0.0267,0.0267,0.000560742199811309,0.000560742199811309,0.0210015805172775,0.0210015805172775,0,0
250,0.35,"BIC","X7",0.0236,NA,NA,0.0236,0.0236,0.0010915579220409,0.0010915579220409,0.046252454323767,0.046252454323767,0,0
250,0.35,"BIC","X8",0.0257,NA,NA,0.0257,0.0257,0.00111091956851571,0.00111091956851571,0.0432264423546968,0.0432264423546968,0,0
250,0.35,"BIC","X9",0.0225,NA,NA,0.0225,0.0225,0.000998862128147938,0.000998862128147938,0.0443938723621306,0.0443938723621306,0,0
250,0.35,"Backward p-value","X1",0.8672,0.8672,0.1328,NA,NA,0.162095804984567,-0.00457086168210003,0.186918594308771,0.0202519276421048,0.962292435424354,0.8345
250,0.35,"Backward p-value","X10",0.3174,NA,NA,0.3174,0.06,-0.00016960891548052,-0.00016960891548052,-0.000534369613990297,-0.000534369613990297,0.810964083175803,0.2574
250,0.35,"Backward p-value","X11",0.3102,NA,NA,0.3102,0.0584,-0.000197879052447812,-0.000197879052447812,-0.000637907970495847,-0.000637907970495847,0.811734364925854,0.2518
250,0.35,"Backward p-value","X12",0.3161,NA,NA,0.3161,0.0611,0.00011669915583229,0.00011669915583229,0.000369184295578267,0.000369184295578267,0.806706738373932,0.255
250,0.35,"Backward p-value","X13",0.3167,NA,NA,0.3167,0.061,0.000958738924331422,0.000958738924331422,0.00302727794231583,0.00302727794231583,0.807388695926745,0.2557
250,0.35,"Backward p-value","X14",0.3064,NA,NA,0.3064,0.0617,-0.000702649842326245,-0.000702649842326245,-0.00229324361072534,-0.00229324361072534,0.798629242819843,0.2447
250,0.35,"Backward p-value","X15",0.3191,NA,NA,0.3191,0.0638,-0.000260540588185913,-0.000260540588185913,-0.000816485704123826,-0.000816485704123826,0.800062676277029,0.2553
250,0.35,"Backward p-value","X16",0.3157,NA,NA,0.3157,0.0656,0.000165524298657534,0.000165524298657534,0.000524308833251612,0.000524308833251612,0.792207792207792,0.2501
250,0.35,"Backward p-value","X17",0.3048,NA,NA,0.3048,0.0618,0.00103429878631722,0.00103429878631722,0.0033933687215132,0.0033933687215132,0.797244094488189,0.243
250,0.35,"Backward p-value","X18",0.3186,NA,NA,0.3186,0.0615,0.000992342121800555,0.000992342121800555,0.00311469592529992,0.00311469592529992,0.806967984934087,0.2571
250,0.35,"Backward p-value","X19",0.3163,NA,NA,0.3163,0.0601,0.000298988905565009,0.000298988905565009,0.000945270014432528,0.000945270014432528,0.809990515333544,0.2562
250,0.35,"Backward p-value","X2",0.999,0.999,0.001,NA,NA,0.332456069136559,-0.000877264196774014,0.332788857994554,-0.00054447533877946,0.936836836836837,0.9359
250,0.35,"Backward p-value","X20",0.3182,NA,NA,0.3182,0.0624,4.56578294851468e-05,4.56578294851468e-05,0.00014348783621982,0.00014348783621982,0.80389692017599,0.2558
250,0.35,"Backward p-value","X3",1,1,0,NA,NA,0.500245533267728,0.000245533267728265,0.500245533267728,0.000245533267728265,0.9405,0.9405
250,0.35,"Backward p-value","X4",1,1,0,NA,NA,0.666663828358567,-2.83830809977328e-06,0.666663828358567,-2.83830809977328e-06,0.9378,0.9378
250,0.35,"Backward p-value","X5",1,1,0,NA,NA,0.835246953365577,0.00191362003224323,0.835246953365577,0.00191362003224323,0.9407,0.9407
250,0.35,"Backward p-value","X6",0.3161,NA,NA,0.3161,0.0629,-0.000978465082775724,-0.000978465082775724,-0.00309542892368151,-0.00309542892368151,0.801012337867763,0.2532
250,0.35,"Backward p-value","X7",0.3172,NA,NA,0.3172,0.0612,0.000481520866529122,0.000481520866529122,0.00151803551869206,0.00151803551869206,0.807061790668348,0.256
250,0.35,"Backward p-value","X8",0.308,NA,NA,0.308,0.0611,0.00140875294506455,0.00140875294506455,0.00457387319826152,0.00457387319826152,0.801623376623377,0.2469
250,0.35,"Backward p-value","X9",0.3213,NA,NA,0.3213,0.059,-0.00061372131082828,-0.00061372131082828,-0.00191011923693831,-0.00191011923693831,0.816370992841581,0.2623
250,0.35,"Elastic Net lambda.1se","X1",0.9184,0.9184,0.0816,NA,NA,0.133046344979195,-0.033620321687472,0.144867535909402,-0.0217991307572649,0.981380662020906,0.9013
250,0.35,"Elastic Net lambda.1se","X10",0.2435,NA,NA,0.2435,0.0097,0.015448826935427,0.015448826935427,0.0634448744781395,0.0634448744781395,0.960164271047228,0.2338
250,0.35,"Elastic Net lambda.1se","X11",0.2465,NA,NA,0.2465,0.0084,0.0151910040144732,0.0151910040144732,0.0616267911337655,0.0616267911337655,0.965922920892495,0.2381
250,0.35,"Elastic Net lambda.1se","X12",0.2493,NA,NA,0.2493,0.0105,0.0157685045984852,0.0157685045984852,0.0632511215342368,0.0632511215342368,0.957882069795427,0.2388
250,0.35,"Elastic Net lambda.1se","X13",0.2539,NA,NA,0.2539,0.0098,0.0161515097430037,0.0161515097430037,0.0636136657857569,0.0636136657857569,0.961402126821583,0.2441
250,0.35,"Elastic Net lambda.1se","X14",0.2383,NA,NA,0.2383,0.01,0.015222174832907,0.015222174832907,0.0638781990470289,0.0638781990470289,0.958036088963491,0.2283
250,0.35,"Elastic Net lambda.1se","X15",0.2469,NA,NA,0.2469,0.0104,0.0157531493668061,0.0157531493668061,0.0638037641425925,0.0638037641425925,0.95787768327258,0.2365
250,0.35,"Elastic Net lambda.1se","X16",0.2442,NA,NA,0.2442,0.0106,0.015772014323547,0.015772014323547,0.064586463241388,0.064586463241388,0.956592956592957,0.2336
250,0.35,"Elastic Net lambda.1se","X17",0.2488,NA,NA,0.2488,0.0105,0.0157378587554764,0.0157378587554764,0.0632550593065773,0.0632550593065773,0.957797427652733,0.2383
250,0.35,"Elastic Net lambda.1se","X18",0.2517,NA,NA,0.2517,0.0096,0.0161760792190237,0.0161760792190237,0.0642672992412544,0.0642672992412544,0.961859356376639,0.2421
250,0.35,"Elastic Net lambda.1se","X19",0.2466,NA,NA,0.2466,0.0089,0.0157092126898254,0.0157092126898254,0.0637032144761776,0.0637032144761776,0.963909164639092,0.2377
250,0.35,"Elastic Net lambda.1se","X2",0.9995,0.9995,0.000499999999999945,NA,NA,0.29722437584884,-0.0361089574844936,0.29737306238003,-0.0359602709533036,0.920360180090045,0.9199
250,0.35,"Elastic Net lambda.1se","X20",0.2492,NA,NA,0.2492,0.0089,0.0158752271896022,0.0158752271896022,0.0637047640032193,0.0637047640032193,0.964285714285714,0.2403
250,0.35,"Elastic Net lambda.1se","X3",1,1,0,NA,NA,0.465140531757106,-0.0348594682428944,0.465140531757106,-0.0348594682428944,0.9247,0.9247
250,0.35,"Elastic Net lambda.1se","X4",1,1,0,NA,NA,0.631755144632677,-0.03491152203399,0.631755144632677,-0.03491152203399,0.9254,0.9254
250,0.35,"Elastic Net lambda.1se","X5",1,1,0,NA,NA,0.799814261207114,-0.0335190721262191,0.799814261207114,-0.0335190721262191,0.9291,0.9291
250,0.35,"Elastic Net lambda.1se","X6",0.2418,NA,NA,0.2418,0.0093,0.0152895150186768,0.0152895150186768,0.0632320720375386,0.0632320720375386,0.961538461538462,0.2325
250,0.35,"Elastic Net lambda.1se","X7",0.2427,NA,NA,0.2427,0.0106,0.0158237590882901,0.0158237590882901,0.0651988425557893,0.0651988425557893,0.956324680675731,0.2321
250,0.35,"Elastic Net lambda.1se","X8",0.2501,NA,NA,0.2501,0.0111,0.0161737176409604,0.0161737176409604,0.0646690029626567,0.0646690029626567,0.95561775289884,0.239
250,0.35,"Elastic Net lambda.1se","X9",0.2432,NA,NA,0.2432,0.0099,0.0152603423748324,0.0152603423748324,0.0627481183175673,0.0627481183175673,0.959292763157895,0.2333
250,0.35,"Elastic Net lambda.min","X1",0.9581,0.9581,0.0419,NA,NA,0.146223045278593,-0.0204436213880739,0.15261772808537,-0.0140489385812969,0.969418641060432,0.9288
250,0.35,"Elastic Net lambda.min","X10",0.4222,NA,NA,0.4222,0.0493,0.00972944525105538,0.00972944525105538,0.0230446358385964,0.0230446358385964,0.88323069635244,0.3729
250,0.35,"Elastic Net lambda.min","X11",0.4232,NA,NA,0.4232,0.0493,0.00970017573780217,0.00970017573780217,0.0229210201743908,0.0229210201743908,0.883506616257089,0.3739
250,0.35,"Elastic Net lambda.min","X12",0.4198,NA,NA,0.4198,0.0478,0.0101074675806652,0.0101074675806652,0.0240768641750004,0.0240768641750004,0.886136255359695,0.372
250,0.35,"Elastic Net lambda.min","X13",0.4271,NA,NA,0.4271,0.0496,0.0106485175999565,0.0106485175999565,0.0249321414187697,0.0249321414187697,0.883867946616717,0.3775
250,0.35,"Elastic Net lambda.min","X14",0.4133,NA,NA,0.4133,0.0508,0.00950888158903549,0.00950888158903549,0.0230072141036426,0.0230072141036426,0.877086861843697,0.3625
250,0.35,"Elastic Net lambda.min","X15",0.4302,NA,NA,0.4302,0.0531,0.00915315267132036,0.00915315267132036,0.0212765055121347,0.0212765055121347,0.876569037656904,0.3771
250,0.35,"Elastic Net lambda.min","X16",0.4259,NA,NA,0.4259,0.0549,0.00939254802890323,0.00939254802890323,0.0220534116668308,0.0220534116668308,0.87109650152618,0.371
250,0.35,"Elastic Net lambda.min","X17",0.4222,NA,NA,0.4222,0.0496,0.0107390601975109,0.0107390601975109,0.0254359549917359,0.0254359549917359,0.88252013263856,0.3726
250,0.35,"Elastic Net lambda.min","X18",0.4292,NA,NA,0.4292,0.0481,0.0105514311287712,0.0105514311287712,0.0245839495078547,0.0245839495078547,0.887931034482759,0.3811
250,0.35,"Elastic Net lambda.min","X19",0.4313,NA,NA,0.4313,0.0481,0.010034302843906,0.010034302843906,0.0232652512031209,0.0232652512031209,0.888476698353814,0.3832
250,0.35,"Elastic Net lambda.min","X2",0.9997,0.9997,0.000299999999999967,NA,NA,0.309714324815583,-0.0236190085177503,0.309807266995682,-0.0235260663376516,0.927178153446034,0.9269
250,0.35,"Elastic Net lambda.min","X20",0.4209,NA,NA,0.4209,0.0508,0.0103622220065327,0.0103622220065327,0.0246192017261409,0.0246192017261409,0.879306248515087,0.3701
250,0.35,"Elastic Net lambda.min","X3",1,1,0,NA,NA,0.477345893625513,-0.0226541063744872,0.477345893625513,-0.0226541063744872,0.9322,0.9322
250,0.35,"Elastic Net lambda.min","X4",1,1,0,NA,NA,0.643959335879319,-0.0227073307873476,0.643959335879319,-0.0227073307873476,0.9322,0.9322
250,0.35,"Elastic Net lambda.min","X5",1,1,0,NA,NA,0.812216211829933,-0.0211171215034002,0.812216211829933,-0.0211171215034002,0.9349,0.9349
250,0.35,"Elastic Net lambda.min","X6",0.4292,NA,NA,0.4292,0.052,0.00844750147937236,0.00844750147937236,0.0196819698960213,0.0196819698960213,0.878844361602982,0.3772
250,0.35,"Elastic Net lambda.min","X7",0.4217,NA,NA,0.4217,0.0498,0.010572758382664,0.010572758382664,0.0250717533380696,0.0250717533380696,0.881906568650699,0.3719
250,0.35,"Elastic Net lambda.min","X8",0.4266,NA,NA,0.4266,0.0494,0.0114224875392798,0.0114224875392798,0.0267756388637594,0.0267756388637594,0.884200656352555,0.3772
250,0.35,"Elastic Net lambda.min","X9",0.4259,NA,NA,0.4259,0.0477,0.00912332766033666,0.00912332766033666,0.0214212905854348,0.0214212905854348,0.888001878375206,0.3782
250,0.35,"LASSO lambda.1se","X1",0.8049,0.8049,0.1951,NA,NA,0.133437586854896,-0.0332290798117707,0.165781571443528,-0.000885095223138267,0.98484283761958,0.7927
250,0.35,"LASSO lambda.1se","X10",0.1171,NA,NA,0.1171,0.0132,0.0115593081142914,0.0115593081142914,0.0987131350494565,0.0987131350494565,0.887275832621691,0.1039
250,0.35,"LASSO lambda.1se","X11",0.1175,NA,NA,0.1175,0.0117,0.0113541042259261,0.0113541042259261,0.0966306742632007,0.0966306742632007,0.900425531914894,0.1058
250,0.35,"LASSO lambda.1se","X12",0.1151,NA,NA,0.1151,0.0133,0.0114139612830593,0.0114139612830593,0.0991656062820093,0.0991656062820093,0.884448305821025,0.1018
250,0.35,"LASSO lambda.1se","X13",0.1257,NA,NA,0.1257,0.0132,0.0122403266879709,0.0122403266879709,0.0973773006202936,0.0973773006202936,0.894988066825776,0.1125
250,0.35,"LASSO lambda.1se","X14",0.113,NA,NA,0.113,0.0138,0.0113261489187392,0.0113261489187392,0.100231406360524,0.100231406360524,0.87787610619469,0.0992
250,0.35,"LASSO lambda.1se","X15",0.1173,NA,NA,0.1173,0.0139,0.0115765407644476,0.0115765407644476,0.0986917371223158,0.0986917371223158,0.88150042625746,0.1034
250,0.35,"LASSO lambda.1se","X16",0.1204,NA,NA,0.1204,0.0144,0.0120122269446164,0.0120122269446164,0.0997693267825281,0.0997693267825281,0.880398671096346,0.106
250,0.35,"LASSO lambda.1se","X17",0.1172,NA,NA,0.1172,0.0136,0.0116256151120844,0.0116256151120844,0.0991946681918468,0.0991946681918468,0.883959044368601,0.1036
250,0.35,"LASSO lambda.1se","X18",0.1242,NA,NA,0.1242,0.0127,0.0122875827708792,0.0122875827708792,0.0989338387349368,0.0989338387349368,0.897745571658615,0.1115
250,0.35,"LASSO lambda.1se","X19",0.1201,NA,NA,0.1201,0.0122,0.0118288152726227,0.0118288152726227,0.0984913844514797,0.0984913844514797,0.89841798501249,0.1079
250,0.35,"LASSO lambda.1se","X2",0.998,0.998,0.002,NA,NA,0.306618264148025,-0.0267150691853088,0.307232729607239,-0.0261006037260943,0.927354709418838,0.9255
250,0.35,"LASSO lambda.1se","X20",0.1206,NA,NA,0.1206,0.0116,0.0118865037921496,0.0118865037921496,0.0985613913113563,0.0985613913113563,0.903814262023217,0.109
250,0.35,"LASSO lambda.1se","X3",1,1,0,NA,NA,0.474940175410413,-0.0250598245895873,0.474940175410413,-0.0250598245895873,0.9302,0.9302
250,0.35,"LASSO lambda.1se","X4",1,1,0,NA,NA,0.641580698386317,-0.0250859682803495,0.641580698386317,-0.0250859682803495,0.9273,0.9273
250,0.35,"LASSO lambda.1se","X5",1,1,0,NA,NA,0.809878769756338,-0.0234545635769957,0.809878769756338,-0.0234545635769957,0.931,0.931
250,0.35,"LASSO lambda.1se","X6",0.1155,NA,NA,0.1155,0.0122,0.0113909178841528,0.0113909178841528,0.0986226656636605,0.0986226656636605,0.894372294372294,0.1033
250,0.35,"LASSO lambda.1se","X7",0.1245,NA,NA,0.1245,0.0143,0.0121748106848495,0.0121748106848495,0.0977896440550158,0.0977896440550158,0.885140562248996,0.1102
250,0.35,"LASSO lambda.1se","X8",0.1199,NA,NA,0.1199,0.0144,0.0120013296280669,0.0120013296280669,0.100094492310817,0.100094492310817,0.879899916597164,0.1055
250,0.35,"LASSO lambda.1se","X9",0.112,NA,NA,0.112,0.0124,0.0110040129888302,0.0110040129888302,0.0982501159716978,0.0982501159716978,0.889285714285714,0.0996
250,0.35,"LASSO lambda.min","X1",0.9408,0.9408,0.0592,NA,NA,0.144177442311448,-0.0224892243552188,0.153249832388869,-0.0134168342777977,0.975340136054422,0.9176
250,0.35,"LASSO lambda.min","X10",0.3474,NA,NA,0.3474,0.0439,0.0108838827276777,0.0108838827276777,0.0313295415304481,0.0313295415304481,0.873632700057571,0.3035
250,0.35,"LASSO lambda.min","X11",0.3558,NA,NA,0.3558,0.0442,0.0102841676726822,0.0102841676726822,0.0289043498389045,0.0289043498389045,0.875772906127038,0.3116
250,0.35,"LASSO lambda.min","X12",0.3519,NA,NA,0.3519,0.0438,0.0109357233208536,0.0109357233208536,0.0310762242706837,0.0310762242706837,0.875532821824382,0.3081
250,0.35,"LASSO lambda.min","X13",0.3567,NA,NA,0.3567,0.0445,0.0113024311898423,0.0113024311898423,0.031686098093194,0.031686098093194,0.87524530417718,0.3122
250,0.35,"LASSO lambda.min","X14",0.3435,NA,NA,0.3435,0.0452,0.010361521664117,0.010361521664117,0.0301645463293073,0.0301645463293073,0.868413391557496,0.2983
250,0.35,"LASSO lambda.min","X15",0.357,NA,NA,0.357,0.0475,0.0103316493424194,0.0103316493424194,0.0289401942364689,0.0289401942364689,0.866946778711485,0.3095
250,0.35,"LASSO lambda.min","X16",0.3556,NA,NA,0.3556,0.0491,0.0104030511533604,0.0104030511533604,0.0292549245032631,0.0292549245032631,0.861923509561305,0.3065
250,0.35,"LASSO lambda.min","X17",0.3511,NA,NA,0.3511,0.0451,0.0114052592275922,0.0114052592275922,0.0324843612292572,0.0324843612292572,0.871546567929365,0.306
250,0.35,"LASSO lambda.min","X18",0.3552,NA,NA,0.3552,0.0449,0.0111647208086096,0.0111647208086096,0.0314322094836981,0.0314322094836981,0.873592342342342,0.3103
250,0.35,"LASSO lambda.min","X19",0.359,NA,NA,0.359,0.0436,0.0107523386479132,0.0107523386479132,0.0299508040331845,0.0299508040331845,0.878551532033426,0.3154
250,0.35,"LASSO lambda.min","X2",0.9996,0.9996,0.000399999999999956,NA,NA,0.307998172356528,-0.0253351609768056,0.308121420924898,-0.0252119124084356,0.92547018807523,0.9251
250,0.35,"LASSO lambda.min","X20",0.355,NA,NA,0.355,0.0462,0.0111899442243596,0.0111899442243596,0.0315209696460835,0.0315209696460835,0.869859154929577,0.3088
250,0.35,"LASSO lambda.min","X3",1,1,0,NA,NA,0.475701821606646,-0.0242981783933542,0.475701821606646,-0.0242981783933542,0.9302,0.9302
250,0.35,"LASSO lambda.min","X4",1,1,0,NA,NA,0.642327086316046,-0.0243395803506203,0.642327086316046,-0.0243395803506203,0.9276,0.9276
250,0.35,"LASSO lambda.min","X5",1,1,0,NA,NA,0.810836136409534,-0.0224971969237995,0.810836136409534,-0.0224971969237995,0.9334,0.9334
250,0.35,"LASSO lambda.min","X6",0.3523,NA,NA,0.3523,0.0475,0.00964199696924438,0.00964199696924438,0.0273687112382753,0.0273687112382753,0.865171728640363,0.3048
250,0.35,"LASSO lambda.min","X7",0.3526,NA,NA,0.3526,0.0466,0.0109601969630156,0.0109601969630156,0.0310839392031071,0.0310839392031071,0.867838910947249,0.306
250,0.35,"LASSO lambda.min","X8",0.3545,NA,NA,0.3545,0.0464,0.0117776674713022,0.0117776674713022,0.0332233214987367,0.0332233214987367,0.869111424541608,0.3081
250,0.35,"LASSO lambda.min","X9",0.3535,NA,NA,0.3535,0.0454,0.0100713360178449,0.0100713360178449,0.0284903423418527,0.0284903423418527,0.871570014144272,0.3081
250,0.7,"AIC","X1",0.5577,0.5577,0.4423,NA,NA,0.139530992519924,-0.0271356741467428,0.250190052931547,0.0835233862648805,0.931325085171239,0.5194
250,0.7,"AIC","X10",0.1829,NA,NA,0.1829,0.0648,0.00157980297770405,0.00157980297770405,0.008637523114839,0.008637523114839,0.645708037178786,0.1181
250,0.7,"AIC","X11",0.1715,NA,NA,0.1715,0.0637,0.00308182558610415,0.00308182558610415,0.0179698284904032,0.0179698284904032,0.628571428571429,0.1078
250,0.7,"AIC","X12",0.1861,NA,NA,0.1861,0.0653,0.00310168040517819,0.00310168040517819,0.0166667404899419,0.0166667404899419,0.649113379903278,0.1208
250,0.7,"AIC","X13",0.1884,NA,NA,0.1884,0.0655,0.00241407962885339,0.00241407962885339,0.0128135861404108,0.0128135861404108,0.652335456475584,0.1229
250,0.7,"AIC","X14",0.1865,NA,NA,0.1865,0.0672,0.00132002361257688,0.00132002361257688,0.00707787459826746,0.00707787459826746,0.639678284182306,0.1193
250,0.7,"AIC","X15",0.1757,NA,NA,0.1757,0.0654,-3.26040195718129e-05,-3.26040195718129e-05,-0.000185566417597114,-0.000185566417597114,0.627774615822425,0.1103
250,0.7,"AIC","X16",0.183,NA,NA,0.183,0.0671,0.00147149243027564,0.00147149243027564,0.00804094224194339,0.00804094224194339,0.633333333333333,0.1159
250,0.7,"AIC","X17",0.1873,NA,NA,0.1873,0.0684,0.00163005722550609,0.00163005722550609,0.00870292165246178,0.00870292165246178,0.634810464495462,0.1189
250,0.7,"AIC","X18",0.1792,NA,NA,0.1792,0.064,0.000833490277690493,0.000833490277690493,0.00465117342461212,0.00465117342461212,0.642857142857143,0.1152
250,0.7,"AIC","X19",0.1814,NA,NA,0.1814,0.0662,0.00190807037408178,0.00190807037408178,0.010518579790969,0.010518579790969,0.635060639470783,0.1152
250,0.7,"AIC","X2",0.9386,0.9386,0.0614,NA,NA,0.327473645014741,-0.00585968831859246,0.348895850218134,0.015562516884801,0.964308544640955,0.9051
250,0.7,"AIC","X20",0.1806,NA,NA,0.1806,0.0656,0.0010025605071543,0.0010025605071543,0.00555127634083223,0.00555127634083223,0.636766334440753,0.115
250,0.7,"AIC","X3",0.9976,0.9976,0.00239999999999996,NA,NA,0.500864203401138,0.000864203401138418,0.502069169407717,0.00206916940771694,0.93364073777065,0.9314
250,0.7,"AIC","X4",1,1,0,NA,NA,0.6690574502419,0.00239078357523358,0.6690574502419,0.00239078357523358,0.9296,0.9296
250,0.7,"AIC","X5",1,1,0,NA,NA,0.834848836209795,0.00151550287646117,0.834848836209795,0.00151550287646117,0.9328,0.9328
250,0.7,"AIC","X6",0.1795,NA,NA,0.1795,0.0629,0.00193191961017302,0.00193191961017302,0.0107627833435823,0.0107627833435823,0.64958217270195,0.1166
250,0.7,"AIC","X7",0.1837,NA,NA,0.1837,0.0641,0.00185328790024428,0.00185328790024428,0.0100886657607201,0.0100886657607201,0.651061513336962,0.1196
250,0.7,"AIC","X8",0.179,NA,NA,0.179,0.0645,0.0029219426731678,0.0029219426731678,0.0163237020847363,0.0163237020847363,0.639664804469274,0.1145
250,0.7,"AIC","X9",0.182,NA,NA,0.182,0.0639,0.00235817378101616,0.00235817378101616,0.0129569987967921,0.0129569987967921,0.648901098901099,0.1181
250,0.7,"BIC","X1",0.2547,0.2547,0.7453,NA,NA,0.0807502291768364,-0.0859164374898302,0.317040554286755,0.150373887620088,0.833922261484099,0.2124
250,0.7,"BIC","X10",0.0266,NA,NA,0.0266,0.0266,0.00298280169499344,0.00298280169499344,0.112135402067423,0.112135402067423,0,0
250,0.7,"BIC","X11",0.027,NA,NA,0.027,0.027,0.00307723038825553,0.00307723038825553,0.113971495861316,0.113971495861316,0,0
250,0.7,"BIC","X12",0.0289,NA,NA,0.0289,0.0289,0.00402779501504237,0.00402779501504237,0.139370069724649,0.139370069724649,0,0
250,0.7,"BIC","X13",0.0278,NA,NA,0.0278,0.0278,0.00336059349065171,0.00336059349065171,0.120884657937112,0.120884657937112,0,0
250,0.7,"BIC","X14",0.0274,NA,NA,0.0274,0.0274,0.00288389660271643,0.00288389660271643,0.105251700829067,0.105251700829067,0,0
250,0.7,"BIC","X15",0.0282,NA,NA,0.0282,0.0282,0.00322390261878394,0.00322390261878394,0.11432278790014,0.11432278790014,0,0
250,0.7,"BIC","X16",0.0279,NA,NA,0.0279,0.0279,0.0025881875514333,0.0025881875514333,0.0927665789044193,0.0927665789044193,0,0
250,0.7,"BIC","X17",0.0298,NA,NA,0.0298,0.0298,0.00319384252955379,0.00319384252955379,0.10717592381053,0.10717592381053,0,0
250,0.7,"BIC","X18",0.0257,NA,NA,0.0257,0.0257,0.00238313424595138,0.00238313424595138,0.0927289589864352,0.0927289589864352,0,0
250,0.7,"BIC","X19",0.0294,NA,NA,0.0294,0.0294,0.00276724927339569,0.00276724927339569,0.0941241249454316,0.0941241249454316,0,0
250,0.7,"BIC","X2",0.7991,0.7991,0.2009,NA,NA,0.308463867963604,-0.0248694653697298,0.386014100817925,0.0526807674845912,0.946314603929421,0.7562
250,0.7,"BIC","X20",0.0302,NA,NA,0.0302,0.0302,0.00283245601608255,0.00283245601608255,0.0937899343073693,0.0937899343073693,0,0
250,0.7,"BIC","X3",0.9876,0.9876,0.0124,NA,NA,0.516409792587335,0.0164097925873354,0.522893674146755,0.0228936741467552,0.930032401782098,0.9185
250,0.7,"BIC","X4",0.9999,0.9999,9.9999999999989e-05,NA,NA,0.687221722898512,0.0205550562318453,0.687290451943706,0.0206237852770396,0.917391739173917,0.9173
250,0.7,"BIC","X5",1,1,0,NA,NA,0.853425437446814,0.0200921041134805,0.853425437446814,0.0200921041134805,0.9215,0.9215
250,0.7,"BIC","X6",0.0257,NA,NA,0.0257,0.0257,0.00282613715771006,0.00282613715771006,0.109966426370041,0.109966426370041,0,0
250,0.7,"BIC","X7",0.0289,NA,NA,0.0289,0.0289,0.00213193711757927,0.00213193711757927,0.0737694504352688,0.0737694504352688,0,0
250,0.7,"BIC","X8",0.0299,NA,NA,0.0299,0.0299,0.00371963334845716,0.00371963334845716,0.124402453125658,0.124402453125658,0,0
250,0.7,"BIC","X9",0.0259,NA,NA,0.0259,0.0259,0.00294650605246242,0.00294650605246242,0.113764712450287,0.113764712450287,0,0
250,0.7,"Backward p-value","X1",0.6829,0.6829,0.3171,NA,NA,0.155553052134414,-0.0111136145322526,0.227783060674204,0.0611163940075375,0.937472543564212,0.6402
250,0.7,"Backward p-value","X10",0.3152,NA,NA,0.3152,0.0625,0.000251307780075737,0.000251307780075737,0.000797296256585461,0.000797296256585461,0.801713197969543,0.2527
250,0.7,"Backward p-value","X11",0.3114,NA,NA,0.3114,0.0614,0.00291996903511927,0.00291996903511927,0.0093769076272295,0.0093769076272295,0.802825947334618,0.25
250,0.7,"Backward p-value","X12",0.3164,NA,NA,0.3164,0.0635,0.00213153848154022,0.00213153848154022,0.00673684728678958,0.00673684728678958,0.799304677623262,0.2529
250,0.7,"Backward p-value","X13",0.3225,NA,NA,0.3225,0.0646,0.0018668445781087,0.0018668445781087,0.00578866535847659,0.00578866535847659,0.79968992248062,0.2579
250,0.7,"Backward p-value","X14",0.3151,NA,NA,0.3151,0.0654,0.000696519106848593,0.000696519106848593,0.00221047003125545,0.00221047003125545,0.792446842272295,0.2497
250,0.7,"Backward p-value","X15",0.3103,NA,NA,0.3103,0.0651,-0.000956035130186983,-0.000956035130186983,-0.0030810026754334,-0.0030810026754334,0.790203029326458,0.2452
250,0.7,"Backward p-value","X16",0.3128,NA,NA,0.3128,0.0655,0.000886933271029048,0.000886933271029048,0.00283546442144836,0.00283546442144836,0.790601023017903,0.2473
250,0.7,"Backward p-value","X17",0.3144,NA,NA,0.3144,0.0665,0.000330704686530379,0.000330704686530379,0.00105185968998212,0.00105185968998212,0.788486005089059,0.2479
250,0.7,"Backward p-value","X18",0.3104,NA,NA,0.3104,0.0614,0.000420172392971242,0.000420172392971242,0.0013536481732321,0.0013536481732321,0.802190721649485,0.249
250,0.7,"Backward p-value","X19",0.3237,NA,NA,0.3237,0.0627,0.00100115837175216,0.00100115837175216,0.00309285873262949,0.00309285873262949,0.806302131603336,0.261
250,0.7,"Backward p-value","X2",0.9692,0.9692,0.0308,NA,NA,0.330293960642147,-0.00303937269118672,0.340790301941959,0.00745696860862561,0.961617829137433,0.932
250,0.7,"Backward p-value","X20",0.3178,NA,NA,0.3178,0.061,0.000779922286578991,0.000779922286578991,0.00245412928438952,0.00245412928438952,0.808055380742605,0.2568
250,0.7,"Backward p-value","X3",0.9986,0.9986,0.00139999999999996,NA,NA,0.499019424092395,-0.000980575907605242,0.499719030735424,-0.000280969264575648,0.936110554776687,0.9348
250,0.7,"Backward p-value","X4",1,1,0,NA,NA,0.667048179384439,0.000381512717772632,0.667048179384439,0.000381512717772632,0.9329,0.9329
250,0.7,"Backward p-value","X5",1,1,0,NA,NA,0.832689753035797,-0.000643580297535994,0.832689753035797,-0.000643580297535994,0.9371,0.9371
250,0.7,"Backward p-value","X6",0.3137,NA,NA,0.3137,0.0605,0.00146939501148241,0.00146939501148241,0.0046840771803711,0.0046840771803711,0.807140580172139,0.2532
250,0.7,"Backward p-value","X7",0.3113,NA,NA,0.3113,0.0645,0.00083366477498293,0.00083366477498293,0.00267801084157703,0.00267801084157703,0.7928043687761,0.2468
250,0.7,"Backward p-value","X8",0.3131,NA,NA,0.3131,0.0629,0.00198344230572111,0.00198344230572111,0.00633485246158132,0.00633485246158132,0.799105717023315,0.2502
250,0.7,"Backward p-value","X9",0.3149,NA,NA,0.3149,0.0621,0.000909783064527511,0.000909783064527511,0.00288911738497145,0.00288911738497145,0.802794537948555,0.2528
250,0.7,"Elastic Net lambda.1se","X1",0.8929,0.8929,0.1071,NA,NA,0.119832031126596,-0.0468346355400709,0.134205433001003,-0.0324612336656635,0.991936387053421,0.8857
250,0.7,"Elastic Net lambda.1se","X10",0.4204,NA,NA,0.4204,0.0079,0.0206743024829652,0.0206743024829652,0.0491776938224673,0.0491776938224673,0.981208372978116,0.4125
250,0.7,"Elastic Net lambda.1se","X11",0.4144,NA,NA,0.4144,0.0075,0.0209504210555746,0.0209504210555746,0.0505560353657689,0.0505560353657689,0.981901544401544,0.4069
250,0.7,"Elastic Net lambda.1se","X12",0.4207,NA,NA,0.4207,0.008,0.0217515368913906,0.0217515368913906,0.0517032015483494,0.0517032015483494,0.980984074162111,0.4127
250,0.7,"Elastic Net lambda.1se","X13",0.4216,NA,NA,0.4216,0.0074,0.0213385942522374,0.0213385942522374,0.0506133639758951,0.0506133639758951,0.982447817836812,0.4142
250,0.7,"Elastic Net lambda.1se","X14",0.4151,NA,NA,0.4151,0.007,0.0210186397304092,0.0210186397304092,0.0506351234170302,0.0506351234170302,0.983136593591906,0.4081
250,0.7,"Elastic Net lambda.1se","X15",0.4168,NA,NA,0.4168,0.0063,0.0200912123930286,0.0200912123930286,0.0482034846281875,0.0482034846281875,0.984884836852207,0.4105
250,0.7,"Elastic Net lambda.1se","X16",0.4184,NA,NA,0.4184,0.0071,0.0212110916863278,0.0212110916863278,0.0506957258277434,0.0506957258277434,0.983030592734226,0.4113
250,0.7,"Elastic Net lambda.1se","X17",0.4107,NA,NA,0.4107,0.0068,0.0214304860569107,0.0214304860569107,0.052180389717338,0.052180389717338,0.983442902361821,0.4039
250,0.7,"Elastic Net lambda.1se","X18",0.4169,NA,NA,0.4169,0.0068,0.0208757959552897,0.0208757959552897,0.0500738689260966,0.0500738689260966,0.983689134084912,0.4101
250,0.7,"Elastic Net lambda.1se","X19",0.4133,NA,NA,0.4133,0.0068,0.0214657679904826,0.0214657679904826,0.0519374981623097,0.0519374981623097,0.983547060246794,0.4065
250,0.7,"Elastic Net lambda.1se","X2",0.9973,0.9973,0.00270000000000004,NA,NA,0.272812622137032,-0.0605207111963018,0.273551210405125,-0.0597821229282079,0.927303720044119,0.9248
250,0.7,"Elastic Net lambda.1se","X20",0.4176,NA,NA,0.4176,0.0072,0.0207888828417349,0.0207888828417349,0.0497818075712044,0.0497818075712044,0.982758620689655,0.4104
250,0.7,"Elastic Net lambda.1se","X3",1,1,0,NA,NA,0.438986211690169,-0.0610137883098311,0.438986211690169,-0.0610137883098311,0.9239,0.9239
250,0.7,"Elastic Net lambda.1se","X4",1,1,0,NA,NA,0.607052976624776,-0.0596136900418907,0.607052976624776,-0.0596136900418907,0.9214,0.9214
250,0.7,"Elastic Net lambda.1se","X5",1,1,0,NA,NA,0.773401388874364,-0.0599319444589691,0.773401388874364,-0.0599319444589691,0.9242,0.9242
250,0.7,"Elastic Net lambda.1se","X6",0.4258,NA,NA,0.4258,0.0064,0.0207515868378115,0.0207515868378115,0.0487355256876739,0.0487355256876739,0.984969469234382,0.4194
250,0.7,"Elastic Net lambda.1se","X7",0.415,NA,NA,0.415,0.0061,0.0207537458221594,0.0207537458221594,0.0500090260774926,0.0500090260774926,0.985301204819277,0.4089
250,0.7,"Elastic Net lambda.1se","X8",0.4155,NA,NA,0.4155,0.0087,0.0207769518722249,0.0207769518722249,0.0500046976467507,0.0500046976467507,0.979061371841155,0.4068
250,0.7,"Elastic Net lambda.1se","X9",0.4083,NA,NA,0.4083,0.0063,0.0208270095593808,0.0208270095593808,0.0510090853768817,0.0510090853768817,0.984570168993387,0.402
250,0.7,"Elastic Net lambda.min","X1",0.8614,0.8614,0.1386,NA,NA,0.132619920201418,-0.0340467464652489,0.153958579291175,-0.0127080873754921,0.981657766426747,0.8456
250,0.7,"Elastic Net lambda.min","X10",0.4107,NA,NA,0.4107,0.0392,0.0159934423508249,0.0159934423508249,0.038941909790175,0.038941909790175,0.904553201850499,0.3715
250,0.7,"Elastic Net lambda.min","X11",0.4014,NA,NA,0.4014,0.0387,0.0171205342849135,0.0171205342849135,0.0426520535249464,0.0426520535249464,0.903587443946188,0.3627
250,0.7,"Elastic Net lambda.min","X12",0.4102,NA,NA,0.4102,0.0388,0.017549985373158,0.017549985373158,0.0427839721432423,0.0427839721432423,0.905411994149195,0.3714
250,0.7,"Elastic Net lambda.min","X13",0.4119,NA,NA,0.4119,0.0406,0.0167475151848917,0.0167475151848917,0.0406591774335802,0.0406591774335802,0.901432386501578,0.3713
250,0.7,"Elastic Net lambda.min","X14",0.4116,NA,NA,0.4116,0.0412,0.0152807649907955,0.0152807649907955,0.0371252793751107,0.0371252793751107,0.899902818270165,0.3704
250,0.7,"Elastic Net lambda.min","X15",0.4077,NA,NA,0.4077,0.0385,0.014781304087517,0.014781304087517,0.0362553448307996,0.0362553448307996,0.905567819475104,0.3692
250,0.7,"Elastic Net lambda.min","X16",0.4104,NA,NA,0.4104,0.0403,0.0160871550467498,0.0160871550467498,0.0391987208741466,0.0391987208741466,0.901803118908382,0.3701
250,0.7,"Elastic Net lambda.min","X17",0.4078,NA,NA,0.4078,0.0413,0.0153810941953366,0.0153810941953366,0.0377172491303005,0.0377172491303005,0.898724865129966,0.3665
250,0.7,"Elastic Net lambda.min","X18",0.413,NA,NA,0.413,0.0382,0.0154295013462286,0.0154295013462286,0.0373595674242823,0.0373595674242823,0.907506053268765,0.3748
250,0.7,"Elastic Net lambda.min","X19",0.4061,NA,NA,0.4061,0.0383,0.0173842186995191,0.0173842186995191,0.042807728883327,0.042807728883327,0.9056882541246,0.3678
250,0.7,"Elastic Net lambda.min","X2",0.9957,0.9957,0.00429999999999997,NA,NA,0.286336822266261,-0.0469965110670724,0.287573387833947,-0.0457599454993864,0.92839208596967,0.9244
250,0.7,"Elastic Net lambda.min","X20",0.4098,NA,NA,0.4098,0.037,0.0163706837778694,0.0163706837778694,0.0399479838405792,0.0399479838405792,0.90971205466081,0.3728
250,0.7,"Elastic Net lambda.min","X3",0.9999,0.9999,9.9999999999989e-05,NA,NA,0.452104054692669,-0.0478959453073306,0.452149269619631,-0.0478507303803687,0.921692169216922,0.9216
250,0.7,"Elastic Net lambda.min","X4",1,1,0,NA,NA,0.6202453363643,-0.0464213303023664,0.6202453363643,-0.0464213303023664,0.924,0.924
250,0.7,"Elastic Net lambda.min","X5",1,1,0,NA,NA,0.785996694588585,-0.0473366387447483,0.785996694588585,-0.0473366387447483,0.9216,0.9216
250,0.7,"Elastic Net lambda.min","X6",0.4136,NA,NA,0.4136,0.0373,0.0169488155588635,0.0169488155588635,0.0409787610223973,0.0409787610223973,0.909816247582205,0.3763
250,0.7,"Elastic Net lambda.min","X7",0.4055,NA,NA,0.4055,0.0402,0.0152790334046575,0.0152790334046575,0.0376794905170344,0.0376794905170344,0.900863131935882,0.3653
250,0.7,"Elastic Net lambda.min","X8",0.4025,NA,NA,0.4025,0.0408,0.0167295243729318,0.0167295243729318,0.0415640357091473,0.0415640357091473,0.898633540372671,0.3617
250,0.7,"Elastic Net lambda.min","X9",0.4056,NA,NA,0.4056,0.0382,0.0152215277471821,0.0152215277471821,0.0375284214674114,0.0375284214674114,0.905818540433925,0.3674
250,0.7,"LASSO lambda.1se","X1",0.7198,0.7198,0.2802,NA,NA,0.118193177279016,-0.048473489387651,0.164202802554898,-0.0024638641117685,0.988469019171992,0.7115
250,0.7,"LASSO lambda.1se","X10",0.1943,NA,NA,0.1943,0.0093,0.0203276580906754,0.0203276580906754,0.104619959293234,0.104619959293234,0.952135872362326,0.185
250,0.7,"LASSO lambda.1se","X11",0.1993,NA,NA,0.1993,0.0097,0.0207438785123174,0.0207438785123174,0.104083685460699,0.104083685460699,0.951329653788259,0.1896
250,0.7,"LASSO lambda.1se","X12",0.202,NA,NA,0.202,0.0095,0.0211074190589338,0.0211074190589338,0.104492173559078,0.104492173559078,0.952970297029703,0.1925
250,0.7,"LASSO lambda.1se","X13",0.2005,NA,NA,0.2005,0.0087,0.0208504777004697,0.0208504777004697,0.103992407483639,0.103992407483639,0.956608478802992,0.1918
250,0.7,"LASSO lambda.1se","X14",0.1991,NA,NA,0.1991,0.0084,0.0207226329985565,0.0207226329985565,0.104081531886271,0.104081531886271,0.95781014565545,0.1907
250,0.7,"LASSO lambda.1se","X15",0.1906,NA,NA,0.1906,0.0075,0.0196000232453918,0.0196000232453918,0.102833280406043,0.102833280406043,0.960650577124869,0.1831
250,0.7,"LASSO lambda.1se","X16",0.198,NA,NA,0.198,0.0085,0.020766359689573,0.020766359689573,0.104880604492793,0.104880604492793,0.957070707070707,0.1895
250,0.7,"LASSO lambda.1se","X17",0.1995,NA,NA,0.1995,0.0092,0.0208602116667832,0.0208602116667832,0.104562464495154,0.104562464495154,0.953884711779449,0.1903
250,0.7,"LASSO lambda.1se","X18",0.1982,NA,NA,0.1982,0.0083,0.0201863804136451,0.0201863804136451,0.101848538918492,0.101848538918492,0.958123107971746,0.1899
250,0.7,"LASSO lambda.1se","X19",0.2021,NA,NA,0.2021,0.0085,0.0208393899597086,0.0208393899597086,0.10311425017174,0.10311425017174,0.95794161306284,0.1936
250,0.7,"LASSO lambda.1se","X2",0.9803,0.9803,0.0197000000000001,NA,NA,0.274273094283944,-0.0590602390493893,0.279784855946082,-0.0535484773872515,0.934509843925329,0.9161
250,0.7,"LASSO lambda.1se","X20",0.1954,NA,NA,0.1954,0.0082,0.0202235855021866,0.0202235855021866,0.103498390492255,0.103498390492255,0.958034800409417,0.1872
250,0.7,"LASSO lambda.1se","X3",0.9996,0.9996,0.000399999999999956,NA,NA,0.440497905019407,-0.0595020949805929,0.440674174689283,-0.0593258253107172,0.913765506202481,0.9134
250,0.7,"LASSO lambda.1se","X4",1,1,0,NA,NA,0.608391697171859,-0.058274969494808,0.608391697171859,-0.058274969494808,0.9109,0.9109
250,0.7,"LASSO lambda.1se","X5",1,1,0,NA,NA,0.774486673745368,-0.058846659587965,0.774486673745368,-0.058846659587965,0.9135,0.9135
250,0.7,"LASSO lambda.1se","X6",0.2,NA,NA,0.2,0.0074,0.0205885167455975,0.0205885167455975,0.102942583727988,0.102942583727988,0.963,0.1926
250,0.7,"LASSO lambda.1se","X7",0.1969,NA,NA,0.1969,0.0083,0.0205514035496854,0.0205514035496854,0.104374827575853,0.104374827575853,0.957846622651092,0.1886
250,0.7,"LASSO lambda.1se","X8",0.1983,NA,NA,0.1983,0.0099,0.0207129153178383,0.0207129153178383,0.104452422177702,0.104452422177702,0.950075642965204,0.1884
250,0.7,"LASSO lambda.1se","X9",0.1986,NA,NA,0.1986,0.0077,0.0204389041934818,0.0204389041934818,0.102914925445528,0.102914925445528,0.96122860020141,0.1909
250,0.7,"LASSO lambda.min","X1",0.8311,0.8311,0.1689,NA,NA,0.130883539759791,-0.0357831269068761,0.15748230027649,-0.00918436639017704,0.981710985440982,0.8159
250,0.7,"LASSO lambda.min","X10",0.3538,NA,NA,0.3538,0.0365,0.0164755471530918,0.0164755471530918,0.0465674029199881,0.0465674029199881,0.896834369700396,0.3173
250,0.7,"LASSO lambda.min","X11",0.3531,NA,NA,0.3531,0.0366,0.0175610511452109,0.0175610511452109,0.0497339313090084,0.0497339313090084,0.896346644010195,0.3165
250,0.7,"LASSO lambda.min","X12",0.3581,NA,NA,0.3581,0.0351,0.0178914687867519,0.0178914687867519,0.0499622138697346,0.0499622138697346,0.901982686400447,0.323
250,0.7,"LASSO lambda.min","X13",0.3565,NA,NA,0.3565,0.0366,0.0176505375576736,0.0176505375576736,0.0495106242851993,0.0495106242851993,0.897335203366059,0.3199
250,0.7,"LASSO lambda.min","X14",0.3555,NA,NA,0.3555,0.0365,0.0161960284092688,0.0161960284092688,0.0455584484086323,0.0455584484086323,0.89732770745429,0.319
250,0.7,"LASSO lambda.min","X15",0.3509,NA,NA,0.3509,0.0347,0.0157591098328389,0.0157591098328389,0.0449105438382415,0.0449105438382415,0.901111427757196,0.3162
250,0.7,"LASSO lambda.min","X16",0.3554,NA,NA,0.3554,0.0371,0.0166241396629352,0.0166241396629352,0.0467758572395474,0.0467758572395474,0.895610579628587,0.3183
250,0.7,"LASSO lambda.min","X17",0.3542,NA,NA,0.3542,0.0361,0.016345528057773,0.016345528057773,0.0461477359056267,0.0461477359056267,0.898080180688876,0.3181
250,0.7,"LASSO lambda.min","X18",0.3569,NA,NA,0.3569,0.0353,0.0163659538052244,0.0163659538052244,0.0458558526344196,0.0458558526344196,0.901092743065284,0.3216
250,0.7,"LASSO lambda.min","X19",0.3528,NA,NA,0.3528,0.0341,0.0178526940236928,0.0178526940236928,0.0506028742168165,0.0506028742168165,0.903344671201814,0.3187
250,0.7,"LASSO lambda.min","X2",0.9924,0.9924,0.00760000000000005,NA,NA,0.284111495180625,-0.0492218381527084,0.286287278497204,-0.0470460548361297,0.928456267634019,0.9214
250,0.7,"LASSO lambda.min","X20",0.351,NA,NA,0.351,0.0346,0.0171112266162075,0.0171112266162075,0.0487499333795086,0.0487499333795086,0.901424501424501,0.3164
250,0.7,"LASSO lambda.min","X3",0.9998,0.9998,0.000199999999999978,NA,NA,0.449768551780596,-0.0502314482194042,0.449858523485293,-0.0501414765147071,0.919383876775355,0.9192
250,0.7,"LASSO lambda.min","X4",1,1,0,NA,NA,0.618051577731922,-0.0486150889347449,0.618051577731922,-0.0486150889347449,0.9199,0.9199
250,0.7,"LASSO lambda.min","X5",1,1,0,NA,NA,0.783913155524587,-0.0494201778087466,0.783913155524587,-0.0494201778087466,0.9199,0.9199
250,0.7,"LASSO lambda.min","X6",0.3559,NA,NA,0.3559,0.0343,0.0176053049692293,0.0176053049692293,0.0494669990706078,0.0494669990706078,0.903624613655521,0.3216
250,0.7,"LASSO lambda.min","X7",0.3507,NA,NA,0.3507,0.0364,0.0159140893391732,0.0159140893391732,0.0453780705422675,0.0453780705422675,0.896207584830339,0.3143
250,0.7,"LASSO lambda.min","X8",0.3477,NA,NA,0.3477,0.0357,0.0179438842504249,0.0179438842504249,0.0516073748933704,0.0516073748933704,0.89732528041415,0.312
250,0.7,"LASSO lambda.min","X9",0.3531,NA,NA,0.3531,0.0324,0.0166621341672077,0.0166621341672077,0.0471881454749581,0.0471881454749581,0.908241291418862,0.3207
500,0,"AIC","X1",0.9891,0.9891,0.0109,NA,NA,0.16601851442738,-0.000648152239286484,0.167848058262441,0.00118139159577412,0.954402992619553,0.944
500,0,"AIC","X10",0.1692,NA,NA,0.1692,0.0516,0.000258814724577196,0.000258814724577196,0.00152963785211109,0.00152963785211109,0.695035460992908,0.1176
500,0,"AIC","X11",0.169,NA,NA,0.169,0.0567,0.000253972363173582,0.000253972363173582,0.00150279504836439,0.00150279504836439,0.664497041420118,0.1123
500,0,"AIC","X12",0.1736,NA,NA,0.1736,0.0516,0.000272027301037752,0.000272027301037752,0.00156697754054005,0.00156697754054005,0.702764976958525,0.122
500,0,"AIC","X13",0.1677,NA,NA,0.1677,0.0515,-0.000294905504715373,-0.000294905504715373,-0.00175853014141546,-0.00175853014141546,0.692903995229577,0.1162
500,0,"AIC","X14",0.1614,NA,NA,0.1614,0.0514,-0.00013550096444523,-0.00013550096444523,-0.000839535095695354,-0.000839535095695354,0.681536555142503,0.11
500,0,"AIC","X15",0.1572,NA,NA,0.1572,0.0533,-0.000342228882127978,-0.000342228882127978,-0.00217702851226449,-0.00217702851226449,0.660941475826972,0.1039
500,0,"AIC","X16",0.1653,NA,NA,0.1653,0.0534,-7.0801463819634e-05,-7.0801463819634e-05,-0.000428321015242795,-0.000428321015242795,0.676950998185118,0.1119
500,0,"AIC","X17",0.1627,NA,NA,0.1627,0.0487,-0.000234104181317971,-0.000234104181317971,-0.00143887019863534,-0.00143887019863534,0.700676090964966,0.114
500,0,"AIC","X18",0.1718,NA,NA,0.1718,0.0532,-0.00043275794534437,-0.00043275794534437,-0.00251896359338982,-0.00251896359338982,0.690337601862631,0.1186
500,0,"AIC","X19",0.1604,NA,NA,0.1604,0.0531,0.000184214012352577,0.000184214012352577,0.00114846641117566,0.00114846641117566,0.668952618453865,0.1073
500,0,"AIC","X2",1,1,0,NA,NA,0.333200729662834,-0.000132603670498963,0.333200729662834,-0.000132603670498963,0.9454,0.9454
500,0,"AIC","X20",0.1593,NA,NA,0.1593,0.0501,-0.000335269140913399,-0.000335269140913399,-0.00210463993040426,-0.00210463993040426,0.685499058380414,0.1092
500,0,"AIC","X3",1,1,0,NA,NA,0.500371765447075,0.000371765447074792,0.500371765447075,0.000371765447074792,0.9481,0.9481
500,0,"AIC","X4",1,1,0,NA,NA,0.666926124451586,0.000259457784919302,0.666926124451586,0.000259457784919302,0.9461,0.9461
500,0,"AIC","X5",1,1,0,NA,NA,0.832405497774251,-0.000927835559082191,0.832405497774251,-0.000927835559082191,0.9435,0.9435
500,0,"AIC","X6",0.1669,NA,NA,0.1669,0.0534,-2.68835916757131e-05,-2.68835916757131e-05,-0.000161076043593248,-0.000161076043593248,0.680047932893948,0.1135
500,0,"AIC","X7",0.1629,NA,NA,0.1629,0.0546,0.000475904938413862,0.000475904938413862,0.00292145450223366,0.00292145450223366,0.664825046040516,0.1083
500,0,"AIC","X8",0.1609,NA,NA,0.1609,0.0497,-0.000146874083471431,-0.000146874083471431,-0.000912828362159301,-0.000912828362159301,0.6911124922312,0.1112
500,0,"AIC","X9",0.1621,NA,NA,0.1621,0.0458,-3.58272116267962e-05,-3.58272116267962e-05,-0.000221019195723604,-0.000221019195723604,0.717458359037631,0.1163
500,0,"BIC","X1",0.8849,0.8849,0.1151,NA,NA,0.156137293244329,-0.0105293734223376,0.176446257480313,0.00977959081364648,0.968923042151656,0.8574
500,0,"BIC","X10",0.0133,NA,NA,0.0133,0.0133,3.59144977361233e-05,3.59144977361233e-05,0.00270033817564837,0.00270033817564837,0,0
500,0,"BIC","X11",0.015,NA,NA,0.015,0.015,8.89352813204641e-05,8.89352813204641e-05,0.00592901875469761,0.00592901875469761,0,0
500,0,"BIC","X12",0.0148,NA,NA,0.0148,0.0148,-0.00024423559933259,-0.00024423559933259,-0.0165024053603101,-0.0165024053603101,0,0
500,0,"BIC","X13",0.0135,NA,NA,0.0135,0.0135,4.29499360212176e-05,4.29499360212176e-05,0.00318147674231241,0.00318147674231241,0,0
500,0,"BIC","X14",0.0146,NA,NA,0.0146,0.0146,5.88201981664556e-05,5.88201981664556e-05,0.00402878069633258,0.00402878069633258,0,0
500,0,"BIC","X15",0.014,NA,NA,0.014,0.014,-7.60856172677204e-06,-7.60856172677204e-06,-0.000543468694769432,-0.000543468694769432,0,0
500,0,"BIC","X16",0.0139,NA,NA,0.0139,0.0139,3.94183000608895e-05,3.94183000608895e-05,0.00283584892524385,0.00283584892524385,0,0
500,0,"BIC","X17",0.0122,NA,NA,0.0122,0.0122,-0.000155926399080632,-0.000155926399080632,-0.0127808523836584,-0.0127808523836584,0,0
500,0,"BIC","X18",0.0136,NA,NA,0.0136,0.0136,5.74876248269544e-05,5.74876248269544e-05,0.00422703123727605,0.00422703123727605,0,0
500,0,"BIC","X19",0.014,NA,NA,0.014,0.014,0.000425450757154615,0.000425450757154615,0.0303893397967582,0.0303893397967582,0,0
500,0,"BIC","X2",1,1,0,NA,NA,0.333177123533873,-0.000156209799460314,0.333177123533873,-0.000156209799460314,0.9488,0.9488
500,0,"BIC","X20",0.0127,NA,NA,0.0127,0.0127,-0.000106134550512236,-0.000106134550512236,-0.0083570512214359,-0.0083570512214359,0,0
500,0,"BIC","X3",1,1,0,NA,NA,0.500460880403627,0.000460880403626809,0.500460880403627,0.000460880403626809,0.9485,0.9485
500,0,"BIC","X4",1,1,0,NA,NA,0.66693944453871,0.000272777872042999,0.66693944453871,0.000272777872042999,0.9479,0.9479
500,0,"BIC","X5",1,1,0,NA,NA,0.832365625642529,-0.000967707690803898,0.832365625642529,-0.000967707690803898,0.9474,0.9474
500,0,"BIC","X6",0.0138,NA,NA,0.0138,0.0138,4.34853503400278e-05,4.34853503400278e-05,0.00315111234348027,0.00315111234348027,0,0
500,0,"BIC","X7",0.014,NA,NA,0.014,0.014,0.000448495201231555,0.000448495201231555,0.0320353715165397,0.0320353715165397,0,0
500,0,"BIC","X8",0.0112,NA,NA,0.0112,0.0112,-3.31989318324725e-05,-3.31989318324725e-05,-0.00296419034218504,-0.00296419034218504,0,0
500,0,"BIC","X9",0.0122,NA,NA,0.0122,0.0122,8.53720073670353e-05,8.53720073670353e-05,0.00699770552188814,0.00699770552188814,0,0
500,0,"Backward p-value","X1",0.9956,0.9956,0.00439999999999996,NA,NA,0.1664063587958,-0.000260307870866784,0.167141782639413,0.000475115972746634,0.948875050220972,0.9447
500,0,"Backward p-value","X10",0.3141,NA,NA,0.3141,0.0523,0.000221292201923966,0.000221292201923966,0.000704527863495595,0.000704527863495595,0.833492518306272,0.2618
500,0,"Backward p-value","X11",0.3081,NA,NA,0.3081,0.056,0.000309557438418993,0.000309557438418993,0.00100473040707236,0.00100473040707236,0.818240830899059,0.2521
500,0,"Backward p-value","X12",0.3112,NA,NA,0.3112,0.0521,9.50806528516845e-05,9.50806528516845e-05,0.000305529090140374,0.000305529090140374,0.832583547557841,0.2591
500,0,"Backward p-value","X13",0.3115,NA,NA,0.3115,0.051,-0.000141261930601298,-0.000141261930601298,-0.000453489343824391,-0.000453489343824391,0.836276083467095,0.2605
500,0,"Backward p-value","X14",0.306,NA,NA,0.306,0.052,-0.000256922382210203,-0.000256922382210203,-0.000839615628137918,-0.000839615628137918,0.830065359477124,0.254
500,0,"Backward p-value","X15",0.3051,NA,NA,0.3051,0.0543,-0.000254712179991725,-0.000254712179991725,-0.000834848180897165,-0.000834848180897165,0.822025565388397,0.2508
500,0,"Backward p-value","X16",0.305,NA,NA,0.305,0.0549,-9.57033107360396e-05,-9.57033107360396e-05,-0.00031378134667554,-0.00031378134667554,0.82,0.2501
500,0,"Backward p-value","X17",0.3006,NA,NA,0.3006,0.0507,-0.000103952097684103,-0.000103952097684103,-0.000345815361557228,-0.000345815361557228,0.831337325349301,0.2499
500,0,"Backward p-value","X18",0.3101,NA,NA,0.3101,0.053,-0.000381098960499357,-0.000381098960499357,-0.00122895504836942,-0.00122895504836942,0.829087391164141,0.2571
500,0,"Backward p-value","X19",0.3034,NA,NA,0.3034,0.0538,0.000124804715515278,0.000124804715515278,0.000411353709674615,0.000411353709674615,0.822676334871457,0.2496
500,0,"Backward p-value","X2",1,1,0,NA,NA,0.333187070757137,-0.000146262576195828,0.333187070757137,-0.000146262576195828,0.9463,0.9463
500,0,"Backward p-value","X20",0.3002,NA,NA,0.3002,0.0512,-0.000424227188602811,-0.000424227188602811,-0.00141314852965627,-0.00141314852965627,0.829447035309793,0.249
500,0,"Backward p-value","X3",1,1,0,NA,NA,0.5003321065484,0.0003321065484002,0.5003321065484,0.0003321065484002,0.9479,0.9479
500,0,"Backward p-value","X4",1,1,0,NA,NA,0.666931009080372,0.000264342413705243,0.666931009080372,0.000264342413705243,0.946,0.946
500,0,"Backward p-value","X5",1,1,0,NA,NA,0.832403007797904,-0.000930325535429701,0.832403007797904,-0.000930325535429701,0.9431,0.9431
500,0,"Backward p-value","X6",0.3036,NA,NA,0.3036,0.0533,3.20083739575105e-05,3.20083739575105e-05,0.000105429426737518,0.000105429426737518,0.824440052700922,0.2503
500,0,"Backward p-value","X7",0.3062,NA,NA,0.3062,0.054,0.000341033384971705,0.000341033384971705,0.00111376023831386,0.00111376023831386,0.823644676681907,0.2522
500,0,"Backward p-value","X8",0.3033,NA,NA,0.3033,0.0503,-0.00040957659411027,-0.00040957659411027,-0.00135040090375955,-0.00135040090375955,0.834157599736235,0.253
500,0,"Backward p-value","X9",0.3006,NA,NA,0.3006,0.0471,-0.000222647275833413,-0.000222647275833413,-0.00074067623364409,-0.00074067623364409,0.843313373253493,0.2535
500,0,"Elastic Net lambda.1se","X1",0.9172,0.9172,0.0828,NA,NA,0.158694708371862,-0.00797195829480465,0.17302083337534,0.00635416670867351,0.967836894897514,0.8877
500,0,"Elastic Net lambda.1se","X10",0.0501,NA,NA,0.0501,0.0356,0.000266778757877199,0.000266778757877199,0.00532492530693011,0.00532492530693011,0.289421157684631,0.0145
500,0,"Elastic Net lambda.1se","X11",0.0529,NA,NA,0.0529,0.0382,1.57388112326711e-05,1.57388112326711e-05,0.000297520061109095,0.000297520061109095,0.277882797731569,0.0147
500,0,"Elastic Net lambda.1se","X12",0.0494,NA,NA,0.0494,0.0342,-0.000165533427780963,-0.000165533427780963,-0.0033508791048778,-0.0033508791048778,0.307692307692308,0.0152
500,0,"Elastic Net lambda.1se","X13",0.0489,NA,NA,0.0489,0.0346,0.00028413987382786,0.00028413987382786,0.0058106313666229,0.0058106313666229,0.292433537832311,0.0143
500,0,"Elastic Net lambda.1se","X14",0.0491,NA,NA,0.0491,0.0346,-1.58206289864837e-06,-1.58206289864837e-06,-3.22212402983377e-05,-3.22212402983377e-05,0.295315682281059,0.0145
500,0,"Elastic Net lambda.1se","X15",0.0494,NA,NA,0.0494,0.0348,-1.70155428092649e-05,-1.70155428092649e-05,-0.000344444186422365,-0.000344444186422365,0.295546558704453,0.0146
500,0,"Elastic Net lambda.1se","X16",0.0486,NA,NA,0.0486,0.0337,1.15776244977154e-05,1.15776244977154e-05,0.000238222726290441,0.000238222726290441,0.306584362139918,0.0149
500,0,"Elastic Net lambda.1se","X17",0.048,NA,NA,0.048,0.0343,-0.000131049783276483,-0.000131049783276483,-0.00273020381826005,-0.00273020381826005,0.285416666666667,0.0137
500,0,"Elastic Net lambda.1se","X18",0.0481,NA,NA,0.0481,0.0344,-4.51286177685575e-05,-4.51286177685575e-05,-0.000938224901633214,-0.000938224901633214,0.284823284823285,0.0137
500,0,"Elastic Net lambda.1se","X19",0.0464,NA,NA,0.0464,0.0335,0.000172643941218973,0.000172643941218973,0.00372077459523649,0.00372077459523649,0.27801724137931,0.0129
500,0,"Elastic Net lambda.1se","X2",1,1,0,NA,NA,0.332559099317499,-0.000774234015834202,0.332559099317499,-0.000774234015834202,0.9482,0.9482
500,0,"Elastic Net lambda.1se","X20",0.0467,NA,NA,0.0467,0.0318,-0.000264157227531001,-0.000264157227531001,-0.00565647168160601,-0.00565647168160601,0.319057815845824,0.0149
500,0,"Elastic Net lambda.1se","X3",1,1,0,NA,NA,0.499743034815554,-0.000256965184445981,0.499743034815554,-0.000256965184445981,0.9485,0.9485
500,0,"Elastic Net lambda.1se","X4",1,1,0,NA,NA,0.666198337942529,-0.000468328724137953,0.666198337942529,-0.000468328724137953,0.9465,0.9465
500,0,"Elastic Net lambda.1se","X5",1,1,0,NA,NA,0.831583707004047,-0.00174962632928667,0.831583707004047,-0.00174962632928667,0.9463,0.9463
500,0,"Elastic Net lambda.1se","X6",0.0512,NA,NA,0.0512,0.0343,9.61421212096707e-05,9.61421212096707e-05,0.00187777580487638,0.00187777580487638,0.330078125,0.0169
500,0,"Elastic Net lambda.1se","X7",0.0512,NA,NA,0.0512,0.0363,0.000293277116088237,0.000293277116088237,0.00572806867359837,0.00572806867359837,0.291015625,0.0149
500,0,"Elastic Net lambda.1se","X8",0.0478,NA,NA,0.0478,0.0335,-0.000223965406412925,-0.000223965406412925,-0.00468546875340847,-0.00468546875340847,0.299163179916318,0.0143
500,0,"Elastic Net lambda.1se","X9",0.0452,NA,NA,0.0452,0.0306,-3.91233484115365e-05,-3.91233484115365e-05,-0.000865560805564966,-0.000865560805564966,0.323008849557522,0.0146
500,0,"Elastic Net lambda.min","X1",0.9972,0.9972,0.00280000000000002,NA,NA,0.166001569180474,-0.000665097486192653,0.16646767868078,-0.000198987985886468,0.946750902527076,0.9441
500,0,"Elastic Net lambda.min","X10",0.5052,NA,NA,0.5052,0.0512,2.91507383099098e-05,2.91507383099098e-05,5.77013822444771e-05,5.77013822444771e-05,0.898653998416469,0.454
500,0,"Elastic Net lambda.min","X11",0.5053,NA,NA,0.5053,0.0549,0.00039117343295682,0.00039117343295682,0.000774140971614526,0.000774140971614526,0.891351672273897,0.4504
500,0,"Elastic Net lambda.min","X12",0.5052,NA,NA,0.5052,0.0506,0.000413468069021528,0.000413468069021528,0.000818424523003816,0.000818424523003816,0.899841646872526,0.4546
500,0,"Elastic Net lambda.min","X13",0.5049,NA,NA,0.5049,0.0508,-1.10674121420303e-05,-1.10674121420303e-05,-2.19200082036647e-05,-2.19200082036647e-05,0.899386017033076,0.4541
500,0,"Elastic Net lambda.min","X14",0.5021,NA,NA,0.5021,0.0521,-0.000305669805058393,-0.000305669805058393,-0.000608782722681525,-0.000608782722681525,0.896235809599681,0.45
500,0,"Elastic Net lambda.min","X15",0.5043,NA,NA,0.5043,0.0517,-0.000313751913116345,-0.000313751913116345,-0.000622153307785733,-0.000622153307785733,0.897481657743407,0.4526
500,0,"Elastic Net lambda.min","X16",0.5079,NA,NA,0.5079,0.0535,-5.43430443646541e-05,-5.43430443646541e-05,-0.000106995558898709,-0.000106995558898709,0.89466430399685,0.4544
500,0,"Elastic Net lambda.min","X17",0.5044,NA,NA,0.5044,0.049,-5.47204008462461e-05,-5.47204008462461e-05,-0.000108486123803026,-0.000108486123803026,0.902854877081681,0.4554
500,0,"Elastic Net lambda.min","X18",0.5066,NA,NA,0.5066,0.0519,-0.000301999196796668,-0.000301999196796668,-0.000596129484399266,-0.000596129484399266,0.89755230951441,0.4547
500,0,"Elastic Net lambda.min","X19",0.4978,NA,NA,0.4978,0.0518,6.7767756521248e-05,6.7767756521248e-05,0.000136134504863897,0.000136134504863897,0.895942145439936,0.446
500,0,"Elastic Net lambda.min","X2",1,1,0,NA,NA,0.332698678211228,-0.000634655122105448,0.332698678211228,-0.000634655122105448,0.9457,0.9457
500,0,"Elastic Net lambda.min","X20",0.4957,NA,NA,0.4957,0.0487,-0.000411335638112127,-0.000411335638112127,-0.000829807621771489,-0.000829807621771489,0.901755093806738,0.447
500,0,"Elastic Net lambda.min","X3",1,1,0,NA,NA,0.499800551322728,-0.000199448677272277,0.499800551322728,-0.000199448677272277,0.9482,0.9482
500,0,"Elastic Net lambda.min","X4",1,1,0,NA,NA,0.666320014635985,-0.000346652030682122,0.666320014635985,-0.000346652030682122,0.9462,0.9462
500,0,"Elastic Net lambda.min","X5",1,1,0,NA,NA,0.83180815612432,-0.00152517720901359,0.83180815612432,-0.00152517720901359,0.9448,0.9448
500,0,"Elastic Net lambda.min","X6",0.5036,NA,NA,0.5036,0.0518,3.74321956850241e-05,3.74321956850241e-05,7.43292209789995e-05,7.43292209789995e-05,0.89714058776807,0.4518
500,0,"Elastic Net lambda.min","X7",0.5024,NA,NA,0.5024,0.0522,0.000184932300349846,0.000184932300349846,0.000368097731588069,0.000368097731588069,0.89609872611465,0.4502
500,0,"Elastic Net lambda.min","X8",0.5015,NA,NA,0.5015,0.0487,-0.000208765470971685,-0.000208765470971685,-0.0004162820956564,-0.0004162820956564,0.902891326021934,0.4528
500,0,"Elastic Net lambda.min","X9",0.4981,NA,NA,0.4981,0.047,-0.000325298885790889,-0.000325298885790889,-0.000653079473581387,-0.000653079473581387,0.905641437462357,0.4511
500,0,"LASSO lambda.1se","X1",0.8223,0.8223,0.1777,NA,NA,0.147674378526655,-0.0189922881400113,0.179586985925642,0.0129203192589752,0.966435607442539,0.7947
500,0,"LASSO lambda.1se","X10",0.0188,NA,NA,0.0188,0.0174,-5.49359517097439e-05,-5.49359517097439e-05,-0.00292212509094382,-0.00292212509094382,0.074468085106383,0.0014
500,0,"LASSO lambda.1se","X11",0.0224,NA,NA,0.0224,0.02,-2.66925597985374e-05,-2.66925597985374e-05,-0.00119163213386328,-0.00119163213386328,0.107142857142857,0.0024
500,0,"LASSO lambda.1se","X12",0.018,NA,NA,0.018,0.0161,-5.05091014272543e-05,-5.05091014272543e-05,-0.00280606119040301,-0.00280606119040301,0.105555555555556,0.0019
500,0,"LASSO lambda.1se","X13",0.0212,NA,NA,0.0212,0.0191,-6.22976033602684e-05,-6.22976033602684e-05,-0.00293856619623908,-0.00293856619623908,0.0990566037735849,0.0021
500,0,"LASSO lambda.1se","X14",0.0203,NA,NA,0.0203,0.0186,0.000107997779593928,0.000107997779593928,0.00532008766472552,0.00532008766472552,0.083743842364532,0.0017
500,0,"LASSO lambda.1se","X15",0.0199,NA,NA,0.0199,0.0179,0.000181901248142998,0.000181901248142998,0.0091407662383416,0.0091407662383416,0.100502512562814,0.002
500,0,"LASSO lambda.1se","X16",0.019,NA,NA,0.019,0.0176,-8.72107484652e-05,-8.72107484652e-05,-0.00459003939290526,-0.00459003939290526,0.0736842105263158,0.0014
500,0,"LASSO lambda.1se","X17",0.0195,NA,NA,0.0195,0.0172,-0.000268096047688685,-0.000268096047688685,-0.0137485152660864,-0.0137485152660864,0.117948717948718,0.0023
500,0,"LASSO lambda.1se","X18",0.0192,NA,NA,0.0192,0.0176,0.000203557056304498,0.000203557056304498,0.0106019300158593,0.0106019300158593,0.0833333333333333,0.0016
500,0,"LASSO lambda.1se","X19",0.0186,NA,NA,0.0186,0.0168,0.000453928286552029,0.000453928286552029,0.0244047465888188,0.0244047465888188,0.0967741935483871,0.0018
500,0,"LASSO lambda.1se","X2",1,1,0,NA,NA,0.332783531464217,-0.000549801869116093,0.332783531464217,-0.000549801869116093,0.9483,0.9483
500,0,"LASSO lambda.1se","X20",0.0183,NA,NA,0.0183,0.0165,-2.0259014665771e-05,-2.0259014665771e-05,-0.00110704998173612,-0.00110704998173612,0.0983606557377049,0.0018
500,0,"LASSO lambda.1se","X3",1,1,0,NA,NA,0.500003072506204,3.07250620378213e-06,0.500003072506204,3.07250620378213e-06,0.9495,0.9495
500,0,"LASSO lambda.1se","X4",1,1,0,NA,NA,0.66647248887192,-0.000194177794747106,0.66647248887192,-0.000194177794747106,0.9478,0.9478
500,0,"LASSO lambda.1se","X5",1,1,0,NA,NA,0.831909766895826,-0.00142356643750735,0.831909766895826,-0.00142356643750735,0.947,0.947
500,0,"LASSO lambda.1se","X6",0.0205,NA,NA,0.0205,0.0188,0.000118367535797679,0.000118367535797679,0.00577402613647213,0.00577402613647213,0.0829268292682927,0.0017
500,0,"LASSO lambda.1se","X7",0.0211,NA,NA,0.0211,0.0189,0.000126250417239589,0.000126250417239589,0.00598343209666299,0.00598343209666299,0.104265402843602,0.0022
500,0,"LASSO lambda.1se","X8",0.0181,NA,NA,0.0181,0.0163,-4.22550742243552e-05,-4.22550742243552e-05,-0.00233453448753344,-0.00233453448753344,0.0994475138121547,0.0018
500,0,"LASSO lambda.1se","X9",0.0187,NA,NA,0.0187,0.0164,0.000249034886555501,0.000249034886555501,0.0133173736125936,0.0133173736125936,0.122994652406417,0.0023
500,0,"LASSO lambda.min","X1",0.9958,0.9958,0.00419999999999998,NA,NA,0.165832142016785,-0.000834524649881923,0.166531574630232,-0.00013509203643495,0.946977304679655,0.943
500,0,"LASSO lambda.min","X10",0.4069,NA,NA,0.4069,0.0513,0.000123471213302,0.000123471213302,0.000303443630626691,0.000303443630626691,0.873924797247481,0.3556
500,0,"LASSO lambda.min","X11",0.405,NA,NA,0.405,0.0548,0.000513051416746658,0.000513051416746658,0.00126679362159669,0.00126679362159669,0.864691358024691,0.3502
500,0,"LASSO lambda.min","X12",0.4063,NA,NA,0.4063,0.051,0.000306283081637836,0.000306283081637836,0.000753834805901639,0.000753834805901639,0.874476987447699,0.3553
500,0,"LASSO lambda.min","X13",0.4043,NA,NA,0.4043,0.0501,9.33668123572586e-06,9.33668123572586e-06,2.30934485177489e-05,2.30934485177489e-05,0.876082117239674,0.3542
500,0,"LASSO lambda.min","X14",0.3997,NA,NA,0.3997,0.0519,-0.000173498742414085,-0.000173498742414085,-0.000434072410342969,-0.000434072410342969,0.870152614460846,0.3478
500,0,"LASSO lambda.min","X15",0.4002,NA,NA,0.4002,0.0524,-0.000197605270171754,-0.000197605270171754,-0.000493766292283244,-0.000493766292283244,0.869065467266367,0.3478
500,0,"LASSO lambda.min","X16",0.4041,NA,NA,0.4041,0.0536,-8.45393804683367e-05,-8.45393804683367e-05,-0.000209204109053048,-0.000209204109053048,0.867359564464242,0.3505
500,0,"LASSO lambda.min","X17",0.4025,NA,NA,0.4025,0.0485,-0.00012598595561619,-0.00012598595561619,-0.000313008585381839,-0.000313008585381839,0.879503105590062,0.354
500,0,"LASSO lambda.min","X18",0.4027,NA,NA,0.4027,0.0514,-0.000166072894611802,-0.000166072894611802,-0.000412398546341698,-0.000412398546341698,0.872361559473554,0.3513
500,0,"LASSO lambda.min","X19",0.4014,NA,NA,0.4014,0.052,7.11738500249971e-05,7.11738500249971e-05,0.000177314025971592,0.000177314025971592,0.87045341305431,0.3494
500,0,"LASSO lambda.min","X2",1,1,0,NA,NA,0.332654580368785,-0.000678752964548157,0.332654580368785,-0.000678752964548157,0.9461,0.9461
500,0,"LASSO lambda.min","X20",0.3944,NA,NA,0.3944,0.0492,-0.000535715545176909,-0.000535715545176909,-0.00135830513482989,-0.00135830513482989,0.87525354969574,0.3452
500,0,"LASSO lambda.min","X3",1,1,0,NA,NA,0.499755857384967,-0.00024414261503266,0.499755857384967,-0.00024414261503266,0.9481,0.9481
500,0,"LASSO lambda.min","X4",1,1,0,NA,NA,0.666400926945823,-0.000265739720843819,0.666400926945823,-0.000265739720843819,0.9455,0.9455
500,0,"LASSO lambda.min","X5",1,1,0,NA,NA,0.831856634182655,-0.00147669915067866,0.831856634182655,-0.00147669915067866,0.9433,0.9433
500,0,"LASSO lambda.min","X6",0.4005,NA,NA,0.4005,0.052,0.000180677527468468,0.000180677527468468,0.000451129906288309,0.000451129906288309,0.870162297128589,0.3485
500,0,"LASSO lambda.min","X7",0.4034,NA,NA,0.4034,0.0527,0.000250255725421328,0.000250255725421328,0.000620366200846128,0.000620366200846128,0.869360436291522,0.3507
500,0,"LASSO lambda.min","X8",0.4035,NA,NA,0.4035,0.049,-0.000475721571824605,-0.000475721571824605,-0.00117898778643025,-0.00117898778643025,0.878562577447336,0.3545
500,0,"LASSO lambda.min","X9",0.3995,NA,NA,0.3995,0.046,-0.000201870255057958,-0.000201870255057958,-0.000505307271734564,-0.000505307271734564,0.884856070087609,0.3535
500,0.35,"AIC","X1",0.9566,0.9566,0.0434,NA,NA,0.164781292653467,-0.00188537401319952,0.172257257634818,0.00559059096815159,0.971984110390968,0.9298
500,0.35,"AIC","X10",0.1722,NA,NA,0.1722,0.0582,-0.000435593053797204,-0.000435593053797204,-0.00252957638674335,-0.00252957638674335,0.662020905923345,0.114
500,0.35,"AIC","X11",0.1695,NA,NA,0.1695,0.0575,6.54564103898949e-05,6.54564103898949e-05,0.000386173512624749,0.000386173512624749,0.660766961651917,0.112
500,0.35,"AIC","X12",0.1749,NA,NA,0.1749,0.0579,-0.00061038445789644,-0.00061038445789644,-0.00348990541964803,-0.00348990541964803,0.668953687821612,0.117
500,0.35,"AIC","X13",0.1766,NA,NA,0.1766,0.0589,0.000513376091335851,0.000513376091335851,0.00290699938468772,0.00290699938468772,0.66647791619479,0.1177
500,0.35,"AIC","X14",0.168,NA,NA,0.168,0.0562,0.000131770068102702,0.000131770068102702,0.000784345643468462,0.000784345643468462,0.66547619047619,0.1118
500,0.35,"AIC","X15",0.167,NA,NA,0.167,0.052,0.000270357291514411,0.000270357291514411,0.00161890593721204,0.00161890593721204,0.688622754491018,0.115
500,0.35,"AIC","X16",0.1653,NA,NA,0.1653,0.056,7.76916463091471e-05,7.76916463091471e-05,0.000470003909916195,0.000470003909916195,0.661222020568663,0.1093
500,0.35,"AIC","X17",0.1691,NA,NA,0.1691,0.0569,0.000152742047101139,0.000152742047101139,0.000903264619166998,0.000903264619166998,0.663512714370195,0.1122
500,0.35,"AIC","X18",0.1706,NA,NA,0.1706,0.0582,3.777779378373e-05,3.777779378373e-05,0.00022144076074871,0.00022144076074871,0.658851113716295,0.1124
500,0.35,"AIC","X19",0.1691,NA,NA,0.1691,0.0566,-0.000447134018827837,-0.000447134018827837,-0.00264419881033611,-0.00264419881033611,0.66528681253696,0.1125
500,0.35,"AIC","X2",1,1,0,NA,NA,0.333981871966958,0.000648538633624636,0.333981871966958,0.000648538633624636,0.9372,0.9372
500,0.35,"AIC","X20",0.172,NA,NA,0.172,0.0583,0.000790233474670113,0.000790233474670113,0.00459438066668671,0.00459438066668671,0.661046511627907,0.1137
500,0.35,"AIC","X3",1,1,0,NA,NA,0.499645149592167,-0.000354850407832572,0.499645149592167,-0.000354850407832572,0.9409,0.9409
500,0.35,"AIC","X4",1,1,0,NA,NA,0.667743207802975,0.00107654113630828,0.667743207802975,0.00107654113630828,0.9396,0.9396
500,0.35,"AIC","X5",1,1,0,NA,NA,0.83384199717264,0.000508663839307043,0.83384199717264,0.000508663839307043,0.939,0.939
500,0.35,"AIC","X6",0.1685,NA,NA,0.1685,0.0582,-0.000129831238159956,-0.000129831238159956,-0.000770511799168877,-0.000770511799168877,0.65459940652819,0.1103
500,0.35,"AIC","X7",0.1683,NA,NA,0.1683,0.0601,-4.37493312417748e-05,-4.37493312417748e-05,-0.000259948492226826,-0.000259948492226826,0.642899584076055,0.1082
500,0.35,"AIC","X8",0.1685,NA,NA,0.1685,0.0565,-0.000219978951645001,-0.000219978951645001,-0.00130551306614244,-0.00130551306614244,0.664688427299703,0.112
500,0.35,"AIC","X9",0.1658,NA,NA,0.1658,0.0573,-0.000772964910602018,-0.000772964910602018,-0.00466203203016899,-0.00466203203016899,0.654402895054282,0.1085
500,0.35,"BIC","X1",0.7639,0.7639,0.2361,NA,NA,0.143252894286611,-0.0234137723800559,0.187528333926706,0.0208616672600394,0.969629532661343,0.7407
500,0.35,"BIC","X10",0.0116,NA,NA,0.0116,0.0116,0.00038592548891101,0.00038592548891101,0.033269438699225,0.033269438699225,0,0
500,0.35,"BIC","X11",0.0153,NA,NA,0.0153,0.0153,0.000620295490337846,0.000620295490337846,0.0405421889109704,0.0405421889109704,0,0
500,0.35,"BIC","X12",0.0159,NA,NA,0.0159,0.0159,1.59190225583281e-05,1.59190225583281e-05,0.00100119638731623,0.00100119638731623,0,0
500,0.35,"BIC","X13",0.0139,NA,NA,0.0139,0.0139,0.000446909518234494,0.000446909518234494,0.0321517639017622,0.0321517639017622,0,0
500,0.35,"BIC","X14",0.0144,NA,NA,0.0144,0.0144,0.000606458080097713,0.000606458080097713,0.0421151444512301,0.0421151444512301,0,0
500,0.35,"BIC","X15",0.014,NA,NA,0.014,0.014,0.000441670376920188,0.000441670376920188,0.0315478840657277,0.0315478840657277,0,0
500,0.35,"BIC","X16",0.0142,NA,NA,0.0142,0.0142,0.000129579811485799,0.000129579811485799,0.00912533883702806,0.00912533883702806,0,0
500,0.35,"BIC","X17",0.0151,NA,NA,0.0151,0.0151,0.000223620495676884,0.000223620495676884,0.0148093043494625,0.0148093043494625,0,0
500,0.35,"BIC","X18",0.0159,NA,NA,0.0159,0.0159,8.04085687406893e-05,8.04085687406893e-05,0.00505714268809367,0.00505714268809367,0,0
500,0.35,"BIC","X19",0.0153,NA,NA,0.0153,0.0153,0.000395732037803307,0.000395732037803307,0.0258648390721116,0.0258648390721116,0,0
500,0.35,"BIC","X2",0.9999,0.9999,9.9999999999989e-05,NA,NA,0.336854746565479,0.00352141323214589,0.33688843540902,0.00355510207568679,0.94009400940094,0.94
500,0.35,"BIC","X20",0.015,NA,NA,0.015,0.015,0.000264200561554871,0.000264200561554871,0.0176133707703247,0.0176133707703247,0,0
500,0.35,"BIC","X3",1,1,0,NA,NA,0.502486637412864,0.002486637412864,0.502486637412864,0.002486637412864,0.9399,0.9399
500,0.35,"BIC","X4",1,1,0,NA,NA,0.670590842983749,0.00392417631708284,0.670590842983749,0.00392417631708284,0.9392,0.9392
500,0.35,"BIC","X5",1,1,0,NA,NA,0.83665041244997,0.00331707911663668,0.83665041244997,0.00331707911663668,0.9394,0.9394
500,0.35,"BIC","X6",0.0157,NA,NA,0.0157,0.0157,0.000237208753756625,0.000237208753756625,0.0151088378188933,0.0151088378188933,0,0
500,0.35,"BIC","X7",0.0148,NA,NA,0.0148,0.0148,0.00015242896978036,0.00015242896978036,0.0102992547148892,0.0102992547148892,0,0
500,0.35,"BIC","X8",0.0135,NA,NA,0.0135,0.0135,4.31235954396655e-05,4.31235954396655e-05,0.00319434040293819,0.00319434040293819,0,0
500,0.35,"BIC","X9",0.0165,NA,NA,0.0165,0.0165,0.000185621001305816,0.000185621001305816,0.0112497576548979,0.0112497576548979,0,0
500,0.35,"Backward p-value","X1",0.9805,0.9805,0.0195,NA,NA,0.166418576553546,-0.000248090113120482,0.16972827797404,0.0030616113073733,0.965323814380418,0.9465
500,0.35,"Backward p-value","X10",0.3136,NA,NA,0.3136,0.0565,-0.000234078432668409,-0.000234078432668409,-0.000746423573559978,-0.000746423573559978,0.819834183673469,0.2571
500,0.35,"Backward p-value","X11",0.3058,NA,NA,0.3058,0.0564,7.08512793208873e-05,7.08512793208873e-05,0.000231691560892372,0.000231691560892372,0.815565729234794,0.2494
500,0.35,"Backward p-value","X12",0.3098,NA,NA,0.3098,0.0583,-0.000921914341302073,-0.000921914341302073,-0.00297583712492599,-0.00297583712492599,0.811814073595868,0.2515
500,0.35,"Backward p-value","X13",0.3229,NA,NA,0.3229,0.0592,0.000500708470236758,0.000500708470236758,0.00155066110324174,0.00155066110324174,0.816661505109941,0.2637
500,0.35,"Backward p-value","X14",0.3043,NA,NA,0.3043,0.055,-0.000201022083006623,-0.000201022083006623,-0.000660604939226497,-0.000660604939226497,0.819257311863293,0.2493
500,0.35,"Backward p-value","X15",0.3063,NA,NA,0.3063,0.0518,-0.000289412413876877,-0.000289412413876877,-0.000944865863130516,-0.000944865863130516,0.830884753509631,0.2545
500,0.35,"Backward p-value","X16",0.3135,NA,NA,0.3135,0.0553,0.000285214806737273,0.000285214806737273,0.000909776098045527,0.000909776098045527,0.823604465709729,0.2582
500,0.35,"Backward p-value","X17",0.3085,NA,NA,0.3085,0.0573,0.000414767952991153,0.000414767952991153,0.00134446662233761,0.00134446662233761,0.814262560777958,0.2512
500,0.35,"Backward p-value","X18",0.3078,NA,NA,0.3078,0.0576,0.000304436843416829,0.000304436843416829,0.000989073565356819,0.000989073565356819,0.812865497076023,0.2502
500,0.35,"Backward p-value","X19",0.3089,NA,NA,0.3089,0.0576,-8.50740703910898e-05,-8.50740703910898e-05,-0.000275409745519877,-0.000275409745519877,0.813531887342182,0.2513
500,0.35,"Backward p-value","X2",1,1,0,NA,NA,0.333779001305141,0.000445667971807223,0.333779001305141,0.000445667971807223,0.9381,0.9381
500,0.35,"Backward p-value","X20",0.313,NA,NA,0.313,0.0573,0.000661181852561193,0.000661181852561193,0.00211240208486004,0.00211240208486004,0.816932907348243,0.2557
500,0.35,"Backward p-value","X3",1,1,0,NA,NA,0.499427856929902,-0.000572143070097803,0.499427856929902,-0.000572143070097803,0.9413,0.9413
500,0.35,"Backward p-value","X4",1,1,0,NA,NA,0.667634970065449,0.000968303398782503,0.667634970065449,0.000968303398782503,0.9404,0.9404
500,0.35,"Backward p-value","X5",1,1,0,NA,NA,0.833682246197265,0.000348912863931508,0.833682246197265,0.000348912863931508,0.941,0.941
500,0.35,"Backward p-value","X6",0.3102,NA,NA,0.3102,0.058,-0.000138278511666208,-0.000138278511666208,-0.000445772120136066,-0.000445772120136066,0.813023855577047,0.2522
500,0.35,"Backward p-value","X7",0.3033,NA,NA,0.3033,0.0602,-0.000278830325586317,-0.000278830325586317,-0.000919321877963459,-0.000919321877963459,0.801516650181339,0.2431
500,0.35,"Backward p-value","X8",0.3044,NA,NA,0.3044,0.0561,-0.000612663433723693,-0.000612663433723693,-0.00201269196361266,-0.00201269196361266,0.815703022339028,0.2483
500,0.35,"Backward p-value","X9",0.3046,NA,NA,0.3046,0.056,-0.000832908734380655,-0.000832908734380655,-0.00273443445298967,-0.00273443445298967,0.816152330925804,0.2486
500,0.35,"Elastic Net lambda.1se","X1",0.99,0.99,0.01,NA,NA,0.142663812859088,-0.0240028538075784,0.144104861473827,-0.0225618051928401,0.938888888888889,0.9295
500,0.35,"Elastic Net lambda.1se","X10",0.242,NA,NA,0.242,0.008,0.0111045328976365,0.0111045328976365,0.0458864995770103,0.0458864995770103,0.966942148760331,0.234
500,0.35,"Elastic Net lambda.1se","X11",0.2352,NA,NA,0.2352,0.0105,0.0109949464932491,0.0109949464932491,0.0467472214849026,0.0467472214849026,0.955357142857143,0.2247
500,0.35,"Elastic Net lambda.1se","X12",0.2381,NA,NA,0.2381,0.0085,0.0108647692522104,0.0108647692522104,0.0456311182369191,0.0456311182369191,0.96430071398572,0.2296
500,0.35,"Elastic Net lambda.1se","X13",0.2549,NA,NA,0.2549,0.0098,0.0115939821657597,0.0115939821657597,0.0454844337613172,0.0454844337613172,0.961553550411926,0.2451
500,0.35,"Elastic Net lambda.1se","X14",0.2345,NA,NA,0.2345,0.0089,0.0107946746161953,0.0107946746161953,0.0460327275743936,0.0460327275743936,0.962046908315565,0.2256
500,0.35,"Elastic Net lambda.1se","X15",0.2376,NA,NA,0.2376,0.0077,0.0108593311946128,0.0108593311946128,0.0457042558695825,0.0457042558695825,0.967592592592593,0.2299
500,0.35,"Elastic Net lambda.1se","X16",0.2482,NA,NA,0.2482,0.0085,0.0112203488901693,0.0112203488901693,0.0452068851336393,0.0452068851336393,0.965753424657534,0.2397
500,0.35,"Elastic Net lambda.1se","X17",0.2401,NA,NA,0.2401,0.0089,0.0110301378573845,0.0110301378573845,0.0459397661698648,0.0459397661698648,0.962932111620158,0.2312
500,0.35,"Elastic Net lambda.1se","X18",0.2423,NA,NA,0.2423,0.0085,0.0110597707707791,0.0110597707707791,0.0456449474650396,0.0456449474650396,0.964919521254643,0.2338
500,0.35,"Elastic Net lambda.1se","X19",0.2386,NA,NA,0.2386,0.0093,0.0109154418325314,0.0109154418325314,0.0457478702117829,0.0457478702117829,0.961022632020117,0.2293
500,0.35,"Elastic Net lambda.1se","X2",1,1,0,NA,NA,0.309407807262332,-0.0239255260710015,0.309407807262332,-0.0239255260710015,0.9276,0.9276
500,0.35,"Elastic Net lambda.1se","X20",0.2443,NA,NA,0.2443,0.0097,0.0115051666265841,0.0115051666265841,0.0470944192655919,0.0470944192655919,0.96029471960704,0.2346
500,0.35,"Elastic Net lambda.1se","X3",1,1,0,NA,NA,0.474889184049747,-0.025110815950253,0.474889184049747,-0.025110815950253,0.9235,0.9235
500,0.35,"Elastic Net lambda.1se","X4",1,1,0,NA,NA,0.642938661252471,-0.0237280054141954,0.642938661252471,-0.0237280054141954,0.9301,0.9301
500,0.35,"Elastic Net lambda.1se","X5",1,1,0,NA,NA,0.809081960958947,-0.0242513723743859,0.809081960958947,-0.0242513723743859,0.929,0.929
500,0.35,"Elastic Net lambda.1se","X6",0.2386,NA,NA,0.2386,0.0095,0.0110707222587843,0.0110707222587843,0.0463986683100766,0.0463986683100766,0.960184409052808,0.2291
500,0.35,"Elastic Net lambda.1se","X7",0.234,NA,NA,0.234,0.0091,0.0107714427686216,0.0107714427686216,0.0460318067035112,0.0460318067035112,0.961111111111111,0.2249
500,0.35,"Elastic Net lambda.1se","X8",0.2339,NA,NA,0.2339,0.0076,0.0106483408161059,0.0106483408161059,0.0455251851907052,0.0455251851907052,0.967507481829842,0.2263
500,0.35,"Elastic Net lambda.1se","X9",0.2309,NA,NA,0.2309,0.0099,0.0106897750185802,0.0106897750185802,0.0462961239436126,0.0462961239436126,0.957124296232135,0.221
500,0.35,"Elastic Net lambda.min","X1",0.996,0.996,0.004,NA,NA,0.151746164297781,-0.0149205023688855,0.152355586644359,-0.0143110800223081,0.941666666666667,0.9379
500,0.35,"Elastic Net lambda.min","X10",0.4357,NA,NA,0.4357,0.0476,0.00656021191421819,0.00656021191421819,0.0150567177282951,0.0150567177282951,0.890750516410374,0.3881
500,0.35,"Elastic Net lambda.min","X11",0.4239,NA,NA,0.4239,0.05,0.0069724789672693,0.0069724789672693,0.0164484052070519,0.0164484052070519,0.88204765274829,0.3739
500,0.35,"Elastic Net lambda.min","X12",0.4298,NA,NA,0.4298,0.0508,0.00648352965198784,0.00648352965198784,0.0150849922103021,0.0150849922103021,0.881805490926012,0.379
500,0.35,"Elastic Net lambda.min","X13",0.4413,NA,NA,0.4413,0.0494,0.00745541519673092,0.00745541519673092,0.0168942107335847,0.0168942107335847,0.888058010423748,0.3919
500,0.35,"Elastic Net lambda.min","X14",0.4195,NA,NA,0.4195,0.0498,0.00698627597508168,0.00698627597508168,0.0166538163887525,0.0166538163887525,0.881287246722288,0.3697
500,0.35,"Elastic Net lambda.min","X15",0.4216,NA,NA,0.4216,0.0454,0.00725537787976746,0.00725537787976746,0.0172091505687084,0.0172091505687084,0.892314990512334,0.3762
500,0.35,"Elastic Net lambda.min","X16",0.4321,NA,NA,0.4321,0.0481,0.00734169398214016,0.00734169398214016,0.0169907289565845,0.0169907289565845,0.888683175190928,0.384
500,0.35,"Elastic Net lambda.min","X17",0.427,NA,NA,0.427,0.0488,0.00695086122240296,0.00695086122240296,0.0162783635185081,0.0162783635185081,0.885714285714286,0.3782
500,0.35,"Elastic Net lambda.min","X18",0.4305,NA,NA,0.4305,0.0511,0.00701756668455104,0.00701756668455104,0.0163009679083648,0.0163009679083648,0.88130081300813,0.3794
500,0.35,"Elastic Net lambda.min","X19",0.4267,NA,NA,0.4267,0.0494,0.00676891202115104,0.00676891202115104,0.0158633982215867,0.0158633982215867,0.884227794703539,0.3773
500,0.35,"Elastic Net lambda.min","X2",1,1,0,NA,NA,0.318395342396658,-0.0149379909366757,0.318395342396658,-0.0149379909366757,0.9318,0.9318
500,0.35,"Elastic Net lambda.min","X20",0.4257,NA,NA,0.4257,0.0486,0.00733805452353677,0.00733805452353677,0.0172376192706995,0.0172376192706995,0.885835095137421,0.3771
500,0.35,"Elastic Net lambda.min","X3",1,1,0,NA,NA,0.483932455236153,-0.0160675447638466,0.483932455236153,-0.0160675447638466,0.9313,0.9313
500,0.35,"Elastic Net lambda.min","X4",1,1,0,NA,NA,0.652108126709308,-0.0145585399573592,0.652108126709308,-0.0145585399573592,0.9356,0.9356
500,0.35,"Elastic Net lambda.min","X5",1,1,0,NA,NA,0.818156458348003,-0.0151768749853304,0.818156458348003,-0.0151768749853304,0.9351,0.9351
500,0.35,"Elastic Net lambda.min","X6",0.4306,NA,NA,0.4306,0.0497,0.00672598740216691,0.00672598740216691,0.0156200357690825,0.0156200357690825,0.884579656293544,0.3809
500,0.35,"Elastic Net lambda.min","X7",0.4251,NA,NA,0.4251,0.0519,0.00661396364859441,0.00661396364859441,0.0155586065598551,0.0155586065598551,0.877911079745942,0.3732
500,0.35,"Elastic Net lambda.min","X8",0.428,NA,NA,0.428,0.0488,0.00616837988839991,0.00616837988839991,0.0144121025429904,0.0144121025429904,0.885981308411215,0.3792
500,0.35,"Elastic Net lambda.min","X9",0.4175,NA,NA,0.4175,0.0515,0.00639825386234765,0.00639825386234765,0.0153251589517309,0.0153251589517309,0.876646706586826,0.366
500,0.35,"LASSO lambda.1se","X1",0.9499,0.9499,0.0501,NA,NA,0.148431009783792,-0.0182356568828742,0.156259616574158,-0.0104070500925089,0.973997262869776,0.9252
500,0.35,"LASSO lambda.1se","X10",0.0976,NA,NA,0.0976,0.0118,0.00733433102504686,0.00733433102504686,0.0751468342730211,0.0751468342730211,0.879098360655738,0.0858
500,0.35,"LASSO lambda.1se","X11",0.0951,NA,NA,0.0951,0.0144,0.00730238680411732,0.00730238680411732,0.0767864017257342,0.0767864017257342,0.848580441640379,0.0807
500,0.35,"LASSO lambda.1se","X12",0.0926,NA,NA,0.0926,0.0123,0.00707568145271127,0.00707568145271127,0.0764112467895385,0.0764112467895385,0.867170626349892,0.0803
500,0.35,"LASSO lambda.1se","X13",0.0975,NA,NA,0.0975,0.0134,0.00740524192532255,0.00740524192532255,0.0759511992340775,0.0759511992340775,0.862564102564103,0.0841
500,0.35,"LASSO lambda.1se","X14",0.0926,NA,NA,0.0926,0.0134,0.00701885697294927,0.00701885697294927,0.0757975915005321,0.0757975915005321,0.855291576673866,0.0792
500,0.35,"LASSO lambda.1se","X15",0.0955,NA,NA,0.0955,0.0112,0.00725760368488144,0.00725760368488144,0.0759958501034706,0.0759958501034706,0.882722513089005,0.0843
500,0.35,"LASSO lambda.1se","X16",0.0953,NA,NA,0.0953,0.012,0.0071418897372004,0.0071418897372004,0.0749411305057754,0.0749411305057754,0.87408184679958,0.0833
500,0.35,"LASSO lambda.1se","X17",0.0949,NA,NA,0.0949,0.014,0.00722611356332762,0.00722611356332762,0.0761445054091424,0.0761445054091424,0.852476290832455,0.0809
500,0.35,"LASSO lambda.1se","X18",0.0938,NA,NA,0.0938,0.0117,0.00709217306112765,0.00709217306112765,0.0756095209075442,0.0756095209075442,0.875266524520256,0.0821
500,0.35,"LASSO lambda.1se","X19",0.093,NA,NA,0.093,0.0131,0.00707929697452808,0.00707929697452808,0.0761214728443879,0.0761214728443879,0.859139784946237,0.0799
500,0.35,"LASSO lambda.1se","X2",1,1,0,NA,NA,0.31798297858362,-0.0153503547497133,0.31798297858362,-0.0153503547497133,0.9312,0.9312
500,0.35,"LASSO lambda.1se","X20",0.1001,NA,NA,0.1001,0.0143,0.00762123310346203,0.00762123310346203,0.0761361948397806,0.0761361948397806,0.857142857142857,0.0858
500,0.35,"LASSO lambda.1se","X3",1,1,0,NA,NA,0.48354992119044,-0.0164500788095601,0.48354992119044,-0.0164500788095601,0.9314,0.9314
500,0.35,"LASSO lambda.1se","X4",1,1,0,NA,NA,0.651627218662746,-0.0150394480039206,0.651627218662746,-0.0150394480039206,0.9359,0.9359
500,0.35,"LASSO lambda.1se","X5",1,1,0,NA,NA,0.817793641597372,-0.0155396917359609,0.817793641597372,-0.0155396917359609,0.9333,0.9333
500,0.35,"LASSO lambda.1se","X6",0.0962,NA,NA,0.0962,0.0135,0.00736557226857063,0.00736557226857063,0.076565200296992,0.076565200296992,0.85966735966736,0.0827
500,0.35,"LASSO lambda.1se","X7",0.0942,NA,NA,0.0942,0.0143,0.00721088843709162,0.00721088843709162,0.0765487095232657,0.0765487095232657,0.848195329087049,0.0799
500,0.35,"LASSO lambda.1se","X8",0.0927,NA,NA,0.0927,0.0113,0.00693162834580139,0.00693162834580139,0.0747748473117733,0.0747748473117733,0.878101402373247,0.0814
500,0.35,"LASSO lambda.1se","X9",0.0915,NA,NA,0.0915,0.0138,0.0069619266541653,0.0069619266541653,0.0760866301001672,0.0760866301001672,0.849180327868852,0.0777
500,0.35,"LASSO lambda.min","X1",0.994,0.994,0.00600000000000001,NA,NA,0.150332836344094,-0.0163338303225727,0.151240278012167,-0.0154263886544997,0.939939637826962,0.9343
500,0.35,"LASSO lambda.min","X10",0.3646,NA,NA,0.3646,0.0427,0.0073065013229827,0.0073065013229827,0.0200397732391188,0.0200397732391188,0.882885353812397,0.3219
500,0.35,"LASSO lambda.min","X11",0.3517,NA,NA,0.3517,0.0452,0.00772327946740762,0.00772327946740762,0.0219598506323788,0.0219598506323788,0.871481376172875,0.3065
500,0.35,"LASSO lambda.min","X12",0.3585,NA,NA,0.3585,0.0472,0.00702774137856056,0.00702774137856056,0.0196031837616752,0.0196031837616752,0.868340306834031,0.3113
500,0.35,"LASSO lambda.min","X13",0.3682,NA,NA,0.3682,0.0441,0.00851961807494169,0.00851961807494169,0.0231385607684456,0.0231385607684456,0.880228136882129,0.3241
500,0.35,"LASSO lambda.min","X14",0.3475,NA,NA,0.3475,0.044,0.00762867002521455,0.00762867002521455,0.0219530072668045,0.0219530072668045,0.873381294964029,0.3035
500,0.35,"LASSO lambda.min","X15",0.3492,NA,NA,0.3492,0.041,0.00747288183663444,0.00747288183663444,0.0214000052595488,0.0214000052595488,0.882588774341352,0.3082
500,0.35,"LASSO lambda.min","X16",0.3622,NA,NA,0.3622,0.0436,0.00764991417600815,0.00764991417600815,0.0211206907123361,0.0211206907123361,0.879624516841524,0.3186
500,0.35,"LASSO lambda.min","X17",0.3524,NA,NA,0.3524,0.0435,0.00763820143414811,0.00763820143414811,0.0216748054317483,0.0216748054317483,0.876560726447219,0.3089
500,0.35,"LASSO lambda.min","X18",0.3547,NA,NA,0.3547,0.0443,0.0075583133081312,0.0075583133081312,0.0213090310350471,0.0213090310350471,0.875105723146321,0.3104
500,0.35,"LASSO lambda.min","X19",0.3573,NA,NA,0.3573,0.0452,0.00730914743500471,0.00730914743500471,0.0204566119087733,0.0204566119087733,0.87349566190876,0.3121
500,0.35,"LASSO lambda.min","X2",1,1,0,NA,NA,0.316967953030375,-0.0163653803029588,0.316967953030375,-0.0163653803029588,0.9311,0.9311
500,0.35,"LASSO lambda.min","X20",0.3535,NA,NA,0.3535,0.0429,0.00807815044648058,0.00807815044648058,0.0228519107396905,0.0228519107396905,0.878642149929279,0.3106
500,0.35,"LASSO lambda.min","X3",1,1,0,NA,NA,0.48255537187458,-0.0174446281254201,0.48255537187458,-0.0174446281254201,0.9296,0.9296
500,0.35,"LASSO lambda.min","X4",1,1,0,NA,NA,0.650722335955439,-0.0159443307112275,0.650722335955439,-0.0159443307112275,0.934,0.934
500,0.35,"LASSO lambda.min","X5",1,1,0,NA,NA,0.816850018683981,-0.0164833146493526,0.816850018683981,-0.0164833146493526,0.9331,0.9331
500,0.35,"LASSO lambda.min","X6",0.3606,NA,NA,0.3606,0.0435,0.00732761444841206,0.00732761444841206,0.0203206168841155,0.0203206168841155,0.87936772046589,0.3171
500,0.35,"LASSO lambda.min","X7",0.3529,NA,NA,0.3529,0.0455,0.00737909690819786,0.00737909690819786,0.0209098807259786,0.0209098807259786,0.871068291300652,0.3074
500,0.35,"LASSO lambda.min","X8",0.3519,NA,NA,0.3519,0.0438,0.00693844496573505,0.00693844496573505,0.0197170928267549,0.0197170928267549,0.875532821824382,0.3081
500,0.35,"LASSO lambda.min","X9",0.3491,NA,NA,0.3491,0.0456,0.00705171519376817,0.00705171519376817,0.0201996997816333,0.0201996997816333,0.869378401604125,0.3035
500,0.7,"AIC","X1",0.7635,0.7635,0.2365,NA,NA,0.151952717801853,-0.0147139488648133,0.199021241390771,0.0323545747241039,0.961624099541585,0.7342
500,0.7,"AIC","X10",0.1722,NA,NA,0.1722,0.0626,0.000537082285778891,0.000537082285778891,0.00311894474900634,0.00311894474900634,0.636469221835075,0.1096
500,0.7,"AIC","X11",0.1722,NA,NA,0.1722,0.0595,0.00118076858875514,0.00118076858875514,0.0068569604457325,0.0068569604457325,0.654471544715447,0.1127
500,0.7,"AIC","X12",0.1722,NA,NA,0.1722,0.059,0.00126861635327413,0.00126861635327413,0.00736711006547113,0.00736711006547113,0.657375145180023,0.1132
500,0.7,"AIC","X13",0.1711,NA,NA,0.1711,0.0599,0.000283532276956107,0.000283532276956107,0.00165711441821219,0.00165711441821219,0.649912331969608,0.1112
500,0.7,"AIC","X14",0.1647,NA,NA,0.1647,0.0563,0.000861235028230051,0.000861235028230051,0.00522911371117214,0.00522911371117214,0.658166363084396,0.1084
500,0.7,"AIC","X15",0.1791,NA,NA,0.1791,0.0638,4.08331173369804e-05,4.08331173369804e-05,0.000227990604896596,0.000227990604896596,0.643774427694026,0.1153
500,0.7,"AIC","X16",0.1694,NA,NA,0.1694,0.0604,0.000433268795349618,0.000433268795349618,0.00255766703276044,0.00255766703276044,0.64344746162928,0.109
500,0.7,"AIC","X17",0.1724,NA,NA,0.1724,0.0621,0.000921139407015645,0.000921139407015645,0.00534303600357103,0.00534303600357103,0.639791183294664,0.1103
500,0.7,"AIC","X18",0.1639,NA,NA,0.1639,0.0591,0.00150787946463074,0.00150787946463074,0.00919999673356156,0.00919999673356156,0.63941427699817,0.1048
500,0.7,"AIC","X19",0.1692,NA,NA,0.1692,0.0631,0.000963297471773866,0.000963297471773866,0.00569324746911268,0.00569324746911268,0.627068557919622,0.1061
500,0.7,"AIC","X2",0.9965,0.9965,0.00349999999999995,NA,NA,0.334398086312667,0.00106475297933401,0.335572590378994,0.00223925704566049,0.937782237832413,0.9345
500,0.7,"AIC","X20",0.1758,NA,NA,0.1758,0.0608,-2.19286313067224e-05,-2.19286313067224e-05,-0.00012473624179023,-0.00012473624179023,0.65415244596132,0.115
500,0.7,"AIC","X3",1,1,0,NA,NA,0.500546338052665,0.000546338052664835,0.500546338052665,0.000546338052664835,0.9366,0.9366
500,0.7,"AIC","X4",1,1,0,NA,NA,0.667732964034072,0.0010662973674054,0.667732964034072,0.0010662973674054,0.9416,0.9416
500,0.7,"AIC","X5",1,1,0,NA,NA,0.833672816440788,0.00033948310745408,0.833672816440788,0.00033948310745408,0.939,0.939
500,0.7,"AIC","X6",0.1704,NA,NA,0.1704,0.061,0.000915303382488711,0.000915303382488711,0.0053714987235253,0.0053714987235253,0.642018779342723,0.1094
500,0.7,"AIC","X7",0.1718,NA,NA,0.1718,0.0607,0.000849612570861465,0.000849612570861465,0.0049453583868537,0.0049453583868537,0.646682188591385,0.1111
500,0.7,"AIC","X8",0.1788,NA,NA,0.1788,0.0609,-0.000175784847811339,-0.000175784847811339,-0.000983136732725608,-0.000983136732725608,0.659395973154362,0.1179
500,0.7,"AIC","X9",0.174,NA,NA,0.174,0.0634,0.00175673059796472,0.00175673059796472,0.0100961528618662,0.0100961528618662,0.635632183908046,0.1106
500,0.7,"BIC","X1",0.4057,0.4057,0.5943,NA,NA,0.0975677722616121,-0.0690988944050545,0.240492413757979,0.0738257470913124,0.928025634705447,0.3765
500,0.7,"BIC","X10",0.0175,NA,NA,0.0175,0.0175,0.00170446189074533,0.00170446189074533,0.0973978223283046,0.0973978223283046,0,0
500,0.7,"BIC","X11",0.0176,NA,NA,0.0176,0.0176,0.00166133825747748,0.00166133825747748,0.0943942191748567,0.0943942191748567,0,0
500,0.7,"BIC","X12",0.0174,NA,NA,0.0174,0.0174,0.00123807807866484,0.00123807807866484,0.0711539125669451,0.0711539125669451,0,0
500,0.7,"BIC","X13",0.0185,NA,NA,0.0185,0.0185,0.00093186285302209,0.00093186285302209,0.0503709650282211,0.0503709650282211,0,0
500,0.7,"BIC","X14",0.0175,NA,NA,0.0175,0.0175,0.000931087919157181,0.000931087919157181,0.0532050239518389,0.0532050239518389,0,0
500,0.7,"BIC","X15",0.0194,NA,NA,0.0194,0.0194,0.00118965851549611,0.00118965851549611,0.0613226038915519,0.0613226038915519,0,0
500,0.7,"BIC","X16",0.017,NA,NA,0.017,0.017,0.00125158735251497,0.00125158735251497,0.0736227854420568,0.0736227854420568,0,0
500,0.7,"BIC","X17",0.0174,NA,NA,0.0174,0.0174,0.0014264323940035,0.0014264323940035,0.0819788732185919,0.0819788732185919,0,0
500,0.7,"BIC","X18",0.0173,NA,NA,0.0173,0.0173,0.0012191781370356,0.0012191781370356,0.0704727246841388,0.0704727246841388,0,0
500,0.7,"BIC","X19",0.0178,NA,NA,0.0178,0.0178,0.00136976403168408,0.00136976403168408,0.0769530354878695,0.0769530354878695,0,0
500,0.7,"BIC","X2",0.9746,0.9746,0.0254,NA,NA,0.341763140577946,0.00842980724461224,0.3506701627108,0.0173368293774666,0.943771803816951,0.9198
500,0.7,"BIC","X20",0.017,NA,NA,0.017,0.017,0.00119788932934482,0.00119788932934482,0.0704640781967543,0.0704640781967543,0,0
500,0.7,"BIC","X3",1,1,0,NA,NA,0.512201773524875,0.012201773524875,0.512201773524875,0.012201773524875,0.9293,0.9293
500,0.7,"BIC","X4",1,1,0,NA,NA,0.679313041102482,0.0126463744358155,0.679313041102482,0.0126463744358155,0.9281,0.9281
500,0.7,"BIC","X5",1,1,0,NA,NA,0.845308788370002,0.0119754550366683,0.845308788370002,0.0119754550366683,0.9294,0.9294
500,0.7,"BIC","X6",0.0175,NA,NA,0.0175,0.0175,0.000914081301165321,0.000914081301165321,0.0522332172094469,0.0522332172094469,0,0
500,0.7,"BIC","X7",0.0194,NA,NA,0.0194,0.0194,0.00140598830623161,0.00140598830623161,0.0724736240325574,0.0724736240325574,0,0
500,0.7,"BIC","X8",0.0185,NA,NA,0.0185,0.0185,0.000780426806525629,0.000780426806525629,0.0421852327851691,0.0421852327851691,0,0
500,0.7,"BIC","X9",0.0184,NA,NA,0.0184,0.0184,0.00133392448584848,0.00133392448584848,0.0724958959700259,0.0724958959700259,0,0
500,0.7,"Backward p-value","X1",0.8514,0.8514,0.1486,NA,NA,0.160575281450538,-0.0060913852161283,0.188601458128422,0.0219347914617552,0.966173361522199,0.8226
500,0.7,"Backward p-value","X10",0.3116,NA,NA,0.3116,0.0594,0.000218273587196364,0.000218273587196364,0.000700492898576265,0.000700492898576265,0.809370988446727,0.2522
500,0.7,"Backward p-value","X11",0.3169,NA,NA,0.3169,0.0594,0.000658502762690054,0.000658502762690054,0.00207795128649433,0.00207795128649433,0.812559166929631,0.2575
500,0.7,"Backward p-value","X12",0.3125,NA,NA,0.3125,0.0573,0.00115220621638953,0.00115220621638953,0.00368705989244649,0.00368705989244649,0.81664,0.2552
500,0.7,"Backward p-value","X13",0.3085,NA,NA,0.3085,0.0581,0.00023848970963947,0.00023848970963947,0.000773062267875107,0.000773062267875107,0.811669367909238,0.2504
500,0.7,"Backward p-value","X14",0.3038,NA,NA,0.3038,0.0561,0.000486171341290696,0.000486171341290696,0.00160030066257635,0.00160030066257635,0.815339038841343,0.2477
500,0.7,"Backward p-value","X15",0.3123,NA,NA,0.3123,0.0627,-2.22519436088703e-05,-2.22519436088703e-05,-7.12518207136418e-05,-7.12518207136418e-05,0.799231508165226,0.2496
500,0.7,"Backward p-value","X16",0.3129,NA,NA,0.3129,0.0589,-0.000598008199423955,-0.000598008199423955,-0.00191117992784901,-0.00191117992784901,0.811760945989134,0.254
500,0.7,"Backward p-value","X17",0.3138,NA,NA,0.3138,0.0586,0.000635556326229976,0.000635556326229976,0.00202535476810062,0.00202535476810062,0.813256851497769,0.2552
500,0.7,"Backward p-value","X18",0.3075,NA,NA,0.3075,0.0571,0.00167756284732558,0.00167756284732558,0.00545548893439213,0.00545548893439213,0.814308943089431,0.2504
500,0.7,"Backward p-value","X19",0.3097,NA,NA,0.3097,0.0608,0.000604690555116953,0.000604690555116953,0.00195250421413288,0.00195250421413288,0.803680981595092,0.2489
500,0.7,"Backward p-value","X2",0.999,0.999,0.001,NA,NA,0.333971384206514,0.000638050873180761,0.33430568989641,0.000972356563077172,0.936936936936937,0.936
500,0.7,"Backward p-value","X20",0.3148,NA,NA,0.3148,0.0583,-0.000327253085201972,-0.000327253085201972,-0.0010395587204637,-0.0010395587204637,0.814803049555273,0.2565
500,0.7,"Backward p-value","X3",1,1,0,NA,NA,0.499843974995156,-0.000156025004843619,0.499843974995156,-0.000156025004843619,0.9409,0.9409
500,0.7,"Backward p-value","X4",1,1,0,NA,NA,0.66701132295598,0.000344656289313368,0.66701132295598,0.000344656289313368,0.943,0.943
500,0.7,"Backward p-value","X5",1,1,0,NA,NA,0.833025945076866,-0.000307388256466885,0.833025945076866,-0.000307388256466885,0.9404,0.9404
500,0.7,"Backward p-value","X6",0.3059,NA,NA,0.3059,0.0595,0.000210163715424542,0.000210163715424542,0.000687034048462052,0.000687034048462052,0.805491990846682,0.2464
500,0.7,"Backward p-value","X7",0.3157,NA,NA,0.3157,0.0598,0.000558371032636046,0.000558371032636046,0.00176867606156492,0.00176867606156492,0.810579664238201,0.2559
500,0.7,"Backward p-value","X8",0.3141,NA,NA,0.3141,0.0581,-0.000756185031418748,-0.000756185031418748,-0.00240746587525867,-0.00240746587525867,0.8150270614454,0.256
500,0.7,"Backward p-value","X9",0.312,NA,NA,0.312,0.0607,0.000747065188539889,0.000747065188539889,0.00239443970685862,0.00239443970685862,0.805448717948718,0.2513
500,0.7,"Elastic Net lambda.1se","X1",0.9696,0.9696,0.0304,NA,NA,0.127673305280978,-0.0389933613856885,0.131676263697378,-0.0349904029692882,0.95276402640264,0.9238
500,0.7,"Elastic Net lambda.1se","X10",0.4341,NA,NA,0.4341,0.0069,0.0146188281052281,0.0146188281052281,0.0336761762387195,0.0336761762387195,0.984105044920525,0.4272
500,0.7,"Elastic Net lambda.1se","X11",0.4332,NA,NA,0.4332,0.0084,0.014992115115571,0.014992115115571,0.0346078372935619,0.0346078372935619,0.980609418282548,0.4248
500,0.7,"Elastic Net lambda.1se","X12",0.4395,NA,NA,0.4395,0.0072,0.015114626038136,0.015114626038136,0.0343905029309124,0.0343905029309124,0.983617747440273,0.4323
500,0.7,"Elastic Net lambda.1se","X13",0.4363,NA,NA,0.4363,0.0075,0.0146977033286973,0.0146977033286973,0.033687149504234,0.033687149504234,0.982809993123997,0.4288
500,0.7,"Elastic Net lambda.1se","X14",0.4324,NA,NA,0.4324,0.0074,0.0144578364521264,0.0144578364521264,0.0334362545146308,0.0334362545146308,0.982886216466235,0.425
500,0.7,"Elastic Net lambda.1se","X15",0.4249,NA,NA,0.4249,0.0073,0.0146627800526278,0.0146627800526278,0.0345087786599855,0.0345087786599855,0.982819486938103,0.4176
500,0.7,"Elastic Net lambda.1se","X16",0.427,NA,NA,0.427,0.0082,0.0144206558732544,0.0144206558732544,0.0337720278062164,0.0337720278062164,0.9807962529274,0.4188
500,0.7,"Elastic Net lambda.1se","X17",0.4347,NA,NA,0.4347,0.0061,0.0147424562378317,0.0147424562378317,0.0339140930246875,0.0339140930246875,0.985967333793421,0.4286
500,0.7,"Elastic Net lambda.1se","X18",0.4412,NA,NA,0.4412,0.0075,0.0149082095929457,0.0149082095929457,0.0337901396032315,0.0337901396032315,0.983000906618314,0.4337
500,0.7,"Elastic Net lambda.1se","X19",0.4349,NA,NA,0.4349,0.0073,0.0147969906821211,0.0147969906821211,0.0340238921180067,0.0340238921180067,0.983214532076339,0.4276
500,0.7,"Elastic Net lambda.1se","X2",1,1,0,NA,NA,0.29276089131666,-0.0405724420166736,0.29276089131666,-0.0405724420166736,0.9233,0.9233
500,0.7,"Elastic Net lambda.1se","X20",0.4333,NA,NA,0.4333,0.0064,0.0149273248711736,0.0149273248711736,0.0344503228044625,0.0344503228044625,0.985229633048696,0.4269
500,0.7,"Elastic Net lambda.1se","X3",1,1,0,NA,NA,0.458791076381928,-0.0412089236180723,0.458791076381928,-0.0412089236180723,0.9216,0.9216
500,0.7,"Elastic Net lambda.1se","X4",1,1,0,NA,NA,0.625983681656136,-0.0406829850105308,0.625983681656136,-0.0406829850105308,0.9257,0.9257
500,0.7,"Elastic Net lambda.1se","X5",1,1,0,NA,NA,0.792130188715882,-0.041203144617451,0.792130188715882,-0.041203144617451,0.9245,0.9245
500,0.7,"Elastic Net lambda.1se","X6",0.4396,NA,NA,0.4396,0.006,0.0141260828902292,0.0141260828902292,0.0321339465200845,0.0321339465200845,0.986351228389445,0.4336
500,0.7,"Elastic Net lambda.1se","X7",0.4443,NA,NA,0.4443,0.0068,0.014880943891508,0.014880943891508,0.0334930089838127,0.0334930089838127,0.984695025883412,0.4375
500,0.7,"Elastic Net lambda.1se","X8",0.4364,NA,NA,0.4364,0.0063,0.0144390232612916,0.0144390232612916,0.0330866710845362,0.0330866710845362,0.985563703024748,0.4301
500,0.7,"Elastic Net lambda.1se","X9",0.4388,NA,NA,0.4388,0.0083,0.0149486491705048,0.0149486491705048,0.0340671129683337,0.0340671129683337,0.981084776663628,0.4305
500,0.7,"Elastic Net lambda.min","X1",0.9539,0.9539,0.0461,NA,NA,0.137816057359856,-0.0288506093068104,0.144476420337411,-0.0221902463292557,0.968130831324038,0.9235
500,0.7,"Elastic Net lambda.min","X10",0.4107,NA,NA,0.4107,0.0404,0.0108217130237875,0.0108217130237875,0.0263494351687059,0.0263494351687059,0.901631361090821,0.3703
500,0.7,"Elastic Net lambda.min","X11",0.4113,NA,NA,0.4113,0.0405,0.0115930170143491,0.0115930170143491,0.0281862801224146,0.0281862801224146,0.901531728665208,0.3708
500,0.7,"Elastic Net lambda.min","X12",0.4235,NA,NA,0.4235,0.0406,0.0116347038604959,0.0116347038604959,0.0274727363884202,0.0274727363884202,0.904132231404959,0.3829
500,0.7,"Elastic Net lambda.min","X13",0.4174,NA,NA,0.4174,0.0431,0.010707473480796,0.010707473480796,0.0256527874480018,0.0256527874480018,0.896741734547197,0.3743
500,0.7,"Elastic Net lambda.min","X14",0.4148,NA,NA,0.4148,0.0412,0.010653580026407,0.010653580026407,0.0256836548370469,0.0256836548370469,0.900675024108004,0.3736
500,0.7,"Elastic Net lambda.min","X15",0.4041,NA,NA,0.4041,0.0446,0.0106514235567552,0.0106514235567552,0.0263583854411167,0.0263583854411167,0.88963127938629,0.3595
500,0.7,"Elastic Net lambda.min","X16",0.411,NA,NA,0.411,0.0413,0.0101000220985788,0.0101000220985788,0.0245742630135738,0.0245742630135738,0.899513381995134,0.3697
500,0.7,"Elastic Net lambda.min","X17",0.4129,NA,NA,0.4129,0.0381,0.0115733495228948,0.0115733495228948,0.0280294248556426,0.0280294248556426,0.907725841608138,0.3748
500,0.7,"Elastic Net lambda.min","X18",0.4206,NA,NA,0.4206,0.0404,0.0113960462431878,0.0113960462431878,0.0270947366694907,0.0270947366694907,0.903946742748455,0.3802
500,0.7,"Elastic Net lambda.min","X19",0.4133,NA,NA,0.4133,0.0425,0.0111236461564843,0.0111236461564843,0.0269142176542082,0.0269142176542082,0.897169126542463,0.3708
500,0.7,"Elastic Net lambda.min","X2",1,1,0,NA,NA,0.302917551654887,-0.0304157816784467,0.302917551654887,-0.0304157816784467,0.9247,0.9247
500,0.7,"Elastic Net lambda.min","X20",0.4174,NA,NA,0.4174,0.0403,0.0110380893102047,0.0110380893102047,0.0264448713708784,0.0264448713708784,0.903449928126497,0.3771
500,0.7,"Elastic Net lambda.min","X3",1,1,0,NA,NA,0.468744477619062,-0.0312555223809381,0.468744477619062,-0.0312555223809381,0.9241,0.9241
500,0.7,"Elastic Net lambda.min","X4",1,1,0,NA,NA,0.635789917258868,-0.0308767494077986,0.635789917258868,-0.0308767494077986,0.9278,0.9278
500,0.7,"Elastic Net lambda.min","X5",1,1,0,NA,NA,0.801844953544902,-0.0314883797884312,0.801844953544902,-0.0314883797884312,0.9251,0.9251
500,0.7,"Elastic Net lambda.min","X6",0.4122,NA,NA,0.4122,0.0393,0.0107842302411539,0.0107842302411539,0.0261626158203637,0.0261626158203637,0.904657933042213,0.3729
500,0.7,"Elastic Net lambda.min","X7",0.4228,NA,NA,0.4228,0.042,0.0112371944710909,0.0112371944710909,0.0265780380110949,0.0265780380110949,0.900662251655629,0.3808
500,0.7,"Elastic Net lambda.min","X8",0.4141,NA,NA,0.4141,0.0392,0.0107256886524719,0.0107256886524719,0.0259012041837041,0.0259012041837041,0.90533687515093,0.3749
500,0.7,"Elastic Net lambda.min","X9",0.4165,NA,NA,0.4165,0.0409,0.0118854106816363,0.0118854106816363,0.0285364001960056,0.0285364001960056,0.901800720288115,0.3756
500,0.7,"LASSO lambda.1se","X1",0.8699,0.8699,0.1301,NA,NA,0.127542433751268,-0.0391242329153987,0.146617351133772,-0.020049315532895,0.992757788251523,0.8636
500,0.7,"LASSO lambda.1se","X10",0.1821,NA,NA,0.1821,0.0089,0.0140862432613142,0.0140862432613142,0.0773544385574639,0.0773544385574639,0.951125755079627,0.1732
500,0.7,"LASSO lambda.1se","X11",0.1882,NA,NA,0.1882,0.0098,0.0145973152924808,0.0145973152924808,0.0775627805126503,0.0775627805126503,0.947927736450584,0.1784
500,0.7,"LASSO lambda.1se","X12",0.1886,NA,NA,0.1886,0.0084,0.0144320427063353,0.0144320427063353,0.0765219655691162,0.0765219655691162,0.955461293743372,0.1802
500,0.7,"LASSO lambda.1se","X13",0.184,NA,NA,0.184,0.0091,0.0141131789429949,0.0141131789429949,0.0767020594727985,0.0767020594727985,0.95054347826087,0.1749
500,0.7,"LASSO lambda.1se","X14",0.1791,NA,NA,0.1791,0.0088,0.0138013775228498,0.0138013775228498,0.0770596176596863,0.0770596176596863,0.950865438302624,0.1703
500,0.7,"LASSO lambda.1se","X15",0.1843,NA,NA,0.1843,0.0096,0.0143189555251404,0.0143189555251404,0.0776937358933283,0.0776937358933283,0.947911014650027,0.1747
500,0.7,"LASSO lambda.1se","X16",0.1789,NA,NA,0.1789,0.0094,0.0137858144818533,0.0137858144818533,0.077058772956139,0.077058772956139,0.947456679709335,0.1695
500,0.7,"LASSO lambda.1se","X17",0.1843,NA,NA,0.1843,0.0086,0.0141005784972168,0.0141005784972168,0.0765088361216324,0.0765088361216324,0.953336950623983,0.1757
500,0.7,"LASSO lambda.1se","X18",0.1852,NA,NA,0.1852,0.0086,0.0141097157190442,0.0141097157190442,0.0761863699732407,0.0761863699732407,0.953563714902808,0.1766
500,0.7,"LASSO lambda.1se","X19",0.1804,NA,NA,0.1804,0.0097,0.0141595968616457,0.0141595968616457,0.0784900047763063,0.0784900047763063,0.946230598669623,0.1707
500,0.7,"LASSO lambda.1se","X2",0.999,0.999,0.001,NA,NA,0.294598914814885,-0.0387344185184483,0.294893808623509,-0.0384395247098248,0.917617617617618,0.9167
500,0.7,"LASSO lambda.1se","X20",0.1831,NA,NA,0.1831,0.0079,0.0141664058611009,0.0141664058611009,0.0773697753200488,0.0773697753200488,0.956854178044784,0.1752
500,0.7,"LASSO lambda.1se","X3",1,1,0,NA,NA,0.46057594828706,-0.0394240517129398,0.46057594828706,-0.0394240517129398,0.9147,0.9147
500,0.7,"LASSO lambda.1se","X4",1,1,0,NA,NA,0.627643661155073,-0.0390230055115935,0.627643661155073,-0.0390230055115935,0.9186,0.9186
500,0.7,"LASSO lambda.1se","X5",1,1,0,NA,NA,0.793659810623017,-0.0396735227103167,0.793659810623017,-0.0396735227103167,0.9173,0.9173
500,0.7,"LASSO lambda.1se","X6",0.1809,NA,NA,0.1809,0.0075,0.0139139914186697,0.0139139914186697,0.0769153754486994,0.0769153754486994,0.958540630182421,0.1734
500,0.7,"LASSO lambda.1se","X7",0.1887,NA,NA,0.1887,0.0083,0.0143973388240514,0.0143973388240514,0.076297503042138,0.076297503042138,0.95601483836778,0.1804
500,0.7,"LASSO lambda.1se","X8",0.1877,NA,NA,0.1877,0.0078,0.0141972702512197,0.0141972702512197,0.0756380940395297,0.0756380940395297,0.958444326052211,0.1799
500,0.7,"LASSO lambda.1se","X9",0.1837,NA,NA,0.1837,0.01,0.0143416608963125,0.0143416608963125,0.0780710990545046,0.0780710990545046,0.945563418617311,0.1737
500,0.7,"LASSO lambda.min","X1",0.9401,0.9401,0.0599,NA,NA,0.135938907752824,-0.0307277589138427,0.144600476282123,-0.0220661903845435,0.977023720880757,0.9185
500,0.7,"LASSO lambda.min","X10",0.3551,NA,NA,0.3551,0.0364,0.0113998786764985,0.0113998786764985,0.0321032911193988,0.0321032911193988,0.897493663756688,0.3187
500,0.7,"LASSO lambda.min","X11",0.3568,NA,NA,0.3568,0.0355,0.012352670090385,0.012352670090385,0.0346207121367292,0.0346207121367292,0.900504484304933,0.3213
500,0.7,"LASSO lambda.min","X12",0.3684,NA,NA,0.3684,0.0365,0.0121947526387593,0.0121947526387593,0.0331019344157418,0.0331019344157418,0.900922909880565,0.3319
500,0.7,"LASSO lambda.min","X13",0.359,NA,NA,0.359,0.0384,0.0115098131694687,0.0115098131694687,0.03206076091774,0.03206076091774,0.893036211699164,0.3206
500,0.7,"LASSO lambda.min","X14",0.358,NA,NA,0.358,0.0355,0.0118872963530931,0.0118872963530931,0.0332047384164613,0.0332047384164613,0.900837988826816,0.3225
500,0.7,"LASSO lambda.min","X15",0.3549,NA,NA,0.3549,0.0414,0.0106715816713731,0.0106715816713731,0.0300692636556019,0.0300692636556019,0.88334742180896,0.3135
500,0.7,"LASSO lambda.min","X16",0.3537,NA,NA,0.3537,0.0349,0.0114061737472358,0.0114061737472358,0.0322481587425382,0.0322481587425382,0.901328809725756,0.3188
500,0.7,"LASSO lambda.min","X17",0.3556,NA,NA,0.3556,0.0361,0.0120008228769561,0.0120008228769561,0.0337480958294604,0.0337480958294604,0.898481439820022,0.3195
500,0.7,"LASSO lambda.min","X18",0.3646,NA,NA,0.3646,0.0378,0.0119499373227412,0.0119499373227412,0.0327754726350554,0.0327754726350554,0.896324739440483,0.3268
500,0.7,"LASSO lambda.min","X19",0.3552,NA,NA,0.3552,0.0363,0.0118086077785044,0.0118086077785044,0.0332449543313749,0.0332449543313749,0.897804054054054,0.3189
500,0.7,"LASSO lambda.min","X2",0.9998,0.9998,0.000199999999999978,NA,NA,0.301097568389587,-0.032235764943746,0.301157799949577,-0.0321755333837561,0.921084216843369,0.9209
500,0.7,"LASSO lambda.min","X20",0.3605,NA,NA,0.3605,0.0359,0.0114891242779651,0.0114891242779651,0.0318699702578783,0.0318699702578783,0.900416088765603,0.3246
500,0.7,"LASSO lambda.min","X3",1,1,0,NA,NA,0.466898139940659,-0.0331018600593414,0.466898139940659,-0.0331018600593414,0.9217,0.9217
500,0.7,"LASSO lambda.min","X4",1,1,0,NA,NA,0.633984860141365,-0.0326818065253019,0.633984860141365,-0.0326818065253019,0.9248,0.9248
500,0.7,"LASSO lambda.min","X5",1,1,0,NA,NA,0.800054519257509,-0.0332788140758247,0.800054519257509,-0.0332788140758247,0.9222,0.9222
500,0.7,"LASSO lambda.min","X6",0.3575,NA,NA,0.3575,0.0362,0.0115001929956487,0.0115001929956487,0.0321683720158005,0.0321683720158005,0.898741258741259,0.3213
500,0.7,"LASSO lambda.min","X7",0.3686,NA,NA,0.3686,0.0359,0.0122591519570744,0.0122591519570744,0.0332586868070384,0.0332586868070384,0.902604449267499,0.3327
500,0.7,"LASSO lambda.min","X8",0.3611,NA,NA,0.3611,0.0366,0.0112487173948494,0.0112487173948494,0.0311512528242852,0.0311512528242852,0.898643035170313,0.3245
500,0.7,"LASSO lambda.min","X9",0.3631,NA,NA,0.3631,0.0379,0.012223384479332,0.012223384479332,0.0336639616616137,0.0336639616616137,0.895621041035527,0.3252
