"Term","Mean","SD","HDI_2.5","HDI_97.5","MCSE","ESS_bulk","P_beta_gt_0","MCSE_pct_of_SD","MCSE_OK"
"HardDrugUse_baselineYes",-148.3987369395,30.8625953511186,-208.55367,-87.992339,0.345054305835851,7131.36970346971,0,1.11803398874989,TRUE
