"Term","Mean","SD","HDI_2.5","HDI_97.5","MCSE","ESS_bulk","P_beta_gt_0","MCSE_pct_of_SD","MCSE_OK"
"HardDrugUse_baselineYes",-0.742121353220085,1.81293249715015,-4.2902839,2.8034891,0.0190985851391136,8937.18612240323,0.343375,1.05346366558798,TRUE
