"Term","Mean","SD","HDI_2.5","HDI_97.5","MCSE","ESS_bulk","P_beta_gt_0","MCSE_pct_of_SD","MCSE_OK"
"HardDrugUse_baselineYes",0.017306193261454,0.201921352655559,-0.36452858,0.43109079,0.00215480037369608,8802.22038524131,0.533375,1.06714834531234,TRUE
