"Term","Mean","SD","HDI_2.5","HDI_97.5","MCSE","ESS_bulk","P_beta_gt_0","MCSE_pct_of_SD","MCSE_OK"
"HardDrugUse_baselineYes",-152.972677890375,29.9602223809844,-209.42903,-94.477822,0.334965469324459,7488.38824791948,0,1.11803398874989,TRUE
