"Term","Mean","SD","HDI_2.5","HDI_97.5","MCSE","ESS_bulk","P_beta_gt_0","MCSE_pct_of_SD","MCSE_OK"
"HardDrugUse_baselineYes",-0.0283689125975648,0.204027638243847,-0.43602658,0.35887103,0.00189769171291531,9876.94162121415,0.45025,0.930115022283038,TRUE
