HardDrugUse_baseline,ADH_year2,n,percent,N (%)
No,100%,190,29.275808936825886,190 (29.3%)
No,95–99%,226,34.82280431432974,226 (34.8%)
No,75–94%,38,5.855161787365177,38 (5.9%)
No,<75%,13,2.0030816640986133,13 (2.0%)
No,Missing,182,28.043143297380585,182 (28.0%)
Yes,100%,21,31.818181818181817,21 (31.8%)
Yes,95–99%,17,25.757575757575758,17 (25.8%)
Yes,75–94%,1,1.5151515151515151,1 (1.5%)
Yes,Missing,27,40.90909090909091,27 (40.9%)
