"Term","Mean","SD","HDI_2.5","HDI_97.5","MCSE","ESS_bulk","P_beta_gt_0"
"HardDrugUse_baselineYes",-0.496741434378421,1.77959996155754,-4.0020887,2.9683518,0.0198965324339934,7707.30921444334,0.392
