"Term","Mean","SD","HDI_2.5","HDI_97.5","MCSE","ESS_bulk","P_beta_gt_0"
"HardDrugUse_baselineYes",-3.33198270103259,1.36945923514511,-6.1495069,-0.79013937,0.0133304448713185,9257.29007629233,0.00825
