"Term","Mean","SD","HDI_2.5","HDI_97.5","MCSE","ESS_bulk","P_beta_gt_0"
"HardDrugUse_baselineYes",-3.56727677558991,1.38563416611254,-6.3389487,-0.96366724,0.0141697337118725,9553.25887743989,0.005375
